food_Code,large_Name,middle_Name,food_Name,food_Volume
D230001,떡류,떡류,가래떡,150.00
D230060,떡류,떡류,가래떡(흑미),100.00
D062010,찌개류,육류찌개,가래떡김치말이짜글이,286.00
D072021,찜류,육류찜,가래떡소고기찜,316.30
D288013,원재료,어패류 및 수산물가공품,가리비(통조림),100.00
D081001,구이류,어패류구이,가오리구이,87.00
D071001,찜류,어패류찜,가오리찜,146.00
D081002,구이류,어패류구이,가자미구이,76.00
D061001,찌개류,어패류찌개,가자미매운탕(고추장),133.00
D051229,국(탕)류,맑은국류,가자미미역국,52.01
D111052,조림류,어패류조림,가자미조림,85.60
D111001,조림류,어패류조림,가자미조림,143.00
D071002,찜류,어패류찜,가자미찜,146.00
D121001,튀김류,어패류튀김,가자미튀김,85.00
D123007,튀김류,채소류튀김,가죽부각(가죽자반튀김),1387.00
D140090,김치류,김치류,가지겉절이,452.00
D132044,무침류,숙채,가지나물,434.00
D054001,국(탕)류,냉국류,가지냉국(고춧가루),87.00
D062024,찌개류,육류찌개,가지돼지고기된장찌개,135.50
D083028,구이류,기타 구이류,가지라따뚜이,891.00
D135056,무침류,생채(샐러드),가지말이샐러드,526.00
D013028,밥류,채소밥류,가지밥,95.00
D103001,볶음류,채소 및 해조류볶음,가지볶음,86.00
D103068,볶음류,채소 및 해조류볶음,가지볶음(양파),90.10
D103002,볶음류,채소 및 해조류볶음,가지볶음(양파),106.00
D014126,밥류,비빔밥 및 볶음밥류,가지볶음밥,556.30
D073015,찜류,채소류찜,가지선 ,140.00
D083018,구이류,기타 구이류,가지스테이크,109.50
D051167,국(탕)류,맑은국류,가지양팟국,15.90
D081063,구이류,어패류구이,가지연어구이,331.00
D170027,절임류,장아찌,가지장아찌,1700.00
D093001,전류,채소류전,가지전,97.00
D113001,조림류,채소류조림,가지조림,106.00
D113021,조림류,채소류조림,가지조림,56.10
D113020,조림류,채소류조림,가지조림,60.10
D073001,찜류,채소류찜,가지찜,113.00
D123001,튀김류,채소류튀김,가지튀김,113.00
D013031,밥류,채소밥류,가지표고밥,152.20
D180001,장류,양념류,간장(양조),4.00
D180002,장류,양념류,간장(재래),4.00
D014074,밥류,비빔밥 및 볶음밥류,간장게살볶음밥,126.10
D031082,면 및 만두류,면류,간장곤약볶음국수,402.00
D014046,밥류,비빔밥 및 볶음밥류,간장달걀밥,190.00
D180340,장류,양념류,간장양념장,11.20
D180018,장류,양념류,간장양념장,14.50
D031070,면 및 만두류,면류,간편콩국수,513.00
D081067,구이류,어패류구이,갈릭칩동태구이,180.00
D072010,찜류,육류찜,갈비찜,707.00
D053001,국(탕)류,곰국 및 탕류,갈비탕,136.00
D081003,구이류,어패류구이,갈치구이,87.00
D160001,젓갈류,젓갈류,갈치젓,15.00
D111002,조림류,어패류조림,갈치조림,141.00
D061002,찌개류,어패류찌개,갈치찌개(고추장),151.00
D071003,찜류,어패류찜,갈치찜,146.00
D121002,튀김류,어패류튀김,갈치튀김,82.00
D211001,과일 및 과일가공품,과일류,감(단감),100.00
D211043,과일 및 과일가공품,과일류,감(단감),120.00
D211058,과일 및 과일가공품,과일류,감(대봉),100.00
D211059,과일 및 과일가공품,과일류,감(둥시),100.00
D211002,과일 및 과일가공품,과일류,감(연시),100.00
D211052,과일 및 과일가공품,과일류,감(연시),110.00
D203019,음료류,차류,감잎차(가루),100.00
D281001,원재료,감자 및 전분류,감자(삶은것),130.00
D281002,원재료,감자 및 전분류,감자(생것),75.00
D065042,찌개류,기타찌개류,감자고추장찌개,79.20
D083001,구이류,기타 구이류,감자구이(버터),137.00
D052001,국(탕)류,된장국류,감자된장국,128.00
D052002,국(탕)류,된장국류,감자된장국(고비),129.00
D052003,국(탕)류,된장국류,"감자된장국(열무, 고추장)",99.00
D063032,찌개류,된장찌개류,감자된장찌개,66.00
D051277,국(탕)류,맑은국류,감자들깨미역국,39.90
D051168,국(탕)류,맑은국류,감자맑은국,31.20
D051169,국(탕)류,맑은국류,감자무챗국,54.90
D013021,밥류,채소밥류,감자밥,213.00
D013019,밥류,채소밥류,감자밥,106.70
D013020,밥류,채소밥류,감자밥,169.60
D013001,밥류,채소밥류,감자밥,220.50
D103003,볶음류,채소 및 해조류볶음,감자볶음,96.00
D103004,볶음류,채소 및 해조류볶음,감자볶음(간장),56.00
D103005,볶음류,채소 및 해조류볶음,"감자볶음(간장, 어묵)",143.00
D103006,볶음류,채소 및 해조류볶음,감자볶음(당근),106.00
D055001,국(탕)류,기타,감자스프,79.02
D051230,국(탕)류,맑은국류,감자애호박국,36.30
D051170,국(탕)류,맑은국류,감자양파국,50.10
D055015,국(탕)류,기타,감자양파스프,37.48
D132107,무침류,숙채,감자우엉버무림,127.00
D093002,전류,채소류전,감자전,106.00
D113002,조림류,채소류조림,감자조림,43.00
D113003,조림류,채소류조림,감자조림(어묵),111.00
D061080,찌개류,어패류찌개,감자주꾸미찌개,155.50
D040001,죽류,죽류,감자죽,111.00
D065032,찌개류,기타찌개류,감자짜글이,45.30
D065001,찌개류,기타찌개류,감자찌개(고추장),116.00
D065002,찌개류,기타찌개류,"감자찌개(고추장, 돼지고기)",146.00
D103007,볶음류,채소 및 해조류볶음,감자채볶음,119.00
D022064,과자 및 빵류,과자류,"감자칩(과자,구운것)",100.00
D022065,과자 및 빵류,과자류,"감자칩(과자,튀긴것)",100.00
D031087,면 및 만두류,면류,감자칼국수,185.30
D055016,국(탕)류,기타,감자크림스프,93.02
D053002,국(탕)류,곰국 및 탕류,감자탕,159.00
D124001,튀김류,기타 튀김류,감자튀김,137.00
D051231,국(탕)류,맑은국류,감자풋고추국,56.50
D051001,국(탕)류,맑은국류,감잣국,123.00
D051002,국(탕)류,맑은국류,감잣국(당면),55.00
D051003,국(탕)류,맑은국류,감잣국(양파),143.00
D051004,국(탕)류,맑은국류,감잣국(유부),133.00
D051005,국(탕)류,맑은국류,감잣국(호박),82.00
D212039,과일 및 과일가공품,가공품류,감잼(단감),100.00
D200009,음료류,과채류,감주스,100.00
D140001,김치류,김치류,갓김치,40.00
D140017,김치류,김치류,갓물김치,124.00
D012066,밥류,잡곡밥류,강낭콩밥,100.00
D135034,무침류,생채(샐러드),강낭콩샐러드,281.40
D012099,밥류,잡곡밥류,강낭콩현미밥,125.00
D063030,찌개류,된장찌개류,강된장찌개,113.00
D022085,과자 및 빵류,과자류,강정,1532.00
D013046,밥류,채소밥류,강황고구마밥,535.00
D017002,밥류,기타,강황밥,90.01
D230002,떡류,떡류,개피떡,150.00
D230003,떡류,떡류,개피떡(쑥),150.00
D284005,원재료,난류,거위알(삶은것),100.00
D284004,원재료,난류,거위알(생것),100.00
D103074,볶음류,채소 및 해조류볶음,건곤드레해물볶음,164.00
D135035,무침류,생채(샐러드),건과일조샐러드,107.65
D101001,볶음류,어패류볶음,건꼴뚜기볶음(고추장),38.00
D111003,조림류,어패류조림,건꼴뚜기조림,46.00
D022001,과자 및 빵류,과자류,건빵,30.00
D051232,국(탕)류,맑은국류,건새우근대국,71.00
D051171,국(탕)류,맑은국류,건새우무국,55.20
D051233,국(탕)류,맑은국류,건새우미역국,8.00
D101002,볶음류,어패류볶음,건새우볶음(고추장),33.00
D051278,국(탕)류,맑은국류,건새우시금치국,47.50
D051279,국(탕)류,맑은국류,건새우콩나물국,69.80
D132091,무침류,숙채,건파래무침,119.00
D212071,과일 및 과일가공품,가공품류,건포도,100.00
D021001,과자 및 빵류,빵류,건포도빵,80.00
D124022,튀김류,기타 튀김류,검은깨라면크로켓,365.00
D095035,전류,기타 전류,검은콩전,88.50
D012001,밥류,잡곡밥류,검정콩밥,200.00
D288001,원재료,어패류 및 수산물가공품,게맛살,30.00
D133001,무침류,어패류무침,게맛살무침(고추장),70.00
D101003,볶음류,어패류볶음,게맛살볶음,91.00
D051280,국(탕)류,맑은국류,게맛살연두부국,103.00
D091001,전류,어패류전,게맛살전,113.00
D091002,전류,어패류전,게맛살전(느타리버섯),92.00
D061003,찌개류,어패류찌개,게맛살찌개(고추장),151.00
D121003,튀김류,어패류튀김,게맛살튀김,70.00
D051172,국(탕)류,맑은국류,게살달걀국,64.30
D014075,밥류,비빔밥 및 볶음밥류,게살달걀볶음밥,123.72
D014047,밥류,비빔밥 및 볶음밥류,게살볶음밥,103.50
D053114,국(탕)류,곰국 및 탕류,게살연두부탕,52.71
D160002,젓갈류,젓갈류,게장,56.00
D051006,국(탕)류,맑은국류,게장국,176.00
D160028,젓갈류,젓갈류,게젓(염절임),100.00
D111004,조림류,어패류조림,게조림,160.00
D092013,전류,육류전,겨자깨소스를 곁들인 소고기찹쌀전,156.05
D014037,밥류,비빔밥 및 볶음밥류,겨자소스를 곁들인 영양밥 강정,264.10
D291012,원재료,조미로류,겨자페이스트,100.00
D053085,국(탕)류,곰국 및 탕류,견과류들깨해장탕,550.00
D203001,음료류,차류,결명자차,2.00
D230004,떡류,떡류,경단(카스텔라),130.00
D284001,원재료,난류,계란(삶은것),50.00
D284002,원재료,난류,계란(생것),50.00
D051007,국(탕)류,맑은국류,계란국,33.00
D051008,국(탕)류,맑은국류,계란국(표고버섯),53.00
D051126,국(탕)류,맑은국류,계란국(표고버섯),37.00
D015001,밥류,덮밥 및 국밥류,계란덮밥,387.00
D095001,전류,기타 전류,계란말이,78.00
D102001,볶음류,육류 및 난류볶음,계란볶음,117.00
D095002,전류,기타 전류,계란부침(김말이),54.00
D095003,전류,기타 전류,"계란부침(양파, 당근)",78.00
D095004,전류,기타 전류,"계란부침(양파, 실파)",78.00
D135054,무침류,생채(샐러드),계란숙샐러드,612.00
D031088,면 및 만두류,면류,계란잔치국수,93.00
D112001,조림류,육류 및 난류조림,계란장조림,143.00
D112002,조림류,육류 및 난류조림,계란장조림(소고기),177.00
D074001,찜류,기타 찜류,계란찜,64.00
D074009,찜류,기타 찜류,계란찜,60.10
D095005,전류,기타 전류,계란프라이,55.00
D203020,음료류,차류,계피차(가루),100.00
D140078,김치류,김치류,고구마 김치,114.20
D140099,김치류,김치류,고구마 김치,44.30
D281018,원재료,감자 및 전분류,고구마(생것),100.00
D281003,원재료,감자 및 전분류,고구마(찐것),140.00
D083033,구이류,기타 구이류,고구마두부스테이크,605.00
D124002,튀김류,기타 튀김류,고구마맛탕,157.00
D013002,밥류,채소밥류,고구마밥,210.00
D103008,볶음류,채소 및 해조류볶음,고구마볶음(고추장),91.00
D055007,국(탕)류,기타,고구마수프,108.00
D135062,무침류,생채(샐러드),고구마순나물 무침,80.00
D074011,찜류,기타 찜류,고구마순프리타타,163.05
D093003,전류,채소류전,고구마전,106.00
D113004,조림류,채소류조림,고구마조림,122.00
D103009,볶음류,채소 및 해조류볶음,고구마줄기볶음,87.00
D103071,볶음류,채소 및 해조류볶음,고구마줄기볶음,74.70
D103010,볶음류,채소 및 해조류볶음,고구마줄기볶음(말린것),30.00
D124003,튀김류,기타 튀김류,고구마튀김,120.00
D124004,튀김류,기타 튀김류,고구마튀김(당근),102.00
D140002,김치류,김치류,고들빼기김치,40.00
D170001,절임류,장아찌,고들빼기장아찌,23.00
D288002,원재료,어패류 및 수산물가공품,고등어(통조림),60.00
D081004,구이류,어패류구이,고등어구이,87.00
D081042,구이류,어패류구이,고등어구이(간고등어구이),316.00
D081005,구이류,어패류구이,고등어구이(자반고등어),72.00
D051009,국(탕)류,맑은국류,고등어국,123.00
D091003,전류,어패류전,고등어전,108.00
D111005,조림류,어패류조림,고등어조림(고추장),155.00
D111053,조림류,어패류조림,고등어조림(고추장),90.10
D061004,찌개류,어패류찌개,"고등어찌개(고추장, 된장)",182.00
D071004,찜류,어패류찜,고등어찜,146.00
D071005,찜류,어패류찜,고등어찜(자반고등어),129.00
D121045,튀김류,어패류튀김,고등어카레탕수,930.00
D121004,튀김류,어패류튀김,고등어튀김,93.00
D301004,주류,주류,고량주,100.00
D132002,무침류,숙채,고비나물,64.00
D052004,국(탕)류,된장국류,고비된장국,89.00
D103011,볶음류,채소 및 해조류볶음,고비볶음,96.00
D051010,국(탕)류,맑은국류,고사리국,84.00
D132108,무침류,숙채,고사리나물,96.65
D103012,볶음류,채소 및 해조류볶음,고사리나물,75.00
D103013,볶음류,채소 및 해조류볶음,고사리나물(들깨),56.00
D051234,국(탕)류,맑은국류,고사리들깨국,23.50
D093041,전류,채소류전,고사리전,126.10
D292019,원재료,채소류,고수,100.00
D140088,김치류,김치류,고추김치,291.00
D123015,튀김류,채소류튀김,고추부각,137.00
D140079,김치류,김치류,고추소박이김치,95.30
D015046,밥류,덮밥 및 국밥류,고추잡채덮밥,255.02
D180003,장류,양념류,고추장,4.00
D180342,장류,양념류,고추장(재래),100.00
D230018,떡류,떡류,고추장떡(장떡),63.30
D170002,절임류,장아찌,고추장아찌,25.00
D051235,국(탕)류,맑은국류,고추장어묵국,62.53
D065033,찌개류,기타찌개류,고추장찌개,121.30
D180052,장류,양념류,고추장찌개장,172.00
D093004,전류,채소류전,고추전,146.00
D123002,튀김류,채소류튀김,고추튀김,61.00
D291013,원재료,조미로류,고춧가루,100.00
D091021,전류,어패류전,고춧잎 조갯살전 ,176.00
D132003,무침류,숙채,고춧잎나물,37.00
D113022,조림류,채소류조림,고춧잎두부조림,118.50
D103014,볶음류,채소 및 해조류볶음,고춧잎볶음,104.00
D103075,볶음류,채소 및 해조류볶음,고춧잎지짐이,149.50
D013035,밥류,채소밥류,곤드레나물밥,124.00
D014117,밥류,비빔밥 및 볶음밥류,곤드레무밥/양념장,124.90
D013029,밥류,채소밥류,곤드레밥,138.30
D014124,밥류,비빔밥 및 볶음밥류,곤드레밥/부추파프리카양념장,183.30
D083019,구이류,기타 구이류,곤드레프리타타,207.85
D113025,조림류,채소류조림,곤약 감자조림,423.00
D103085,볶음류,채소 및 해조류볶음,곤약냉잡채,364.00
D053094,국(탕)류,곰국 및 탕류,곤약어묵탕,97.03
D114001,조림류,기타 조림류,곤약조림,106.00
D082061,구이류,육류구이,곤약함박스테이크,459.50
D211095,과일 및 과일가공품,과일류,골드키위,100.00
D133002,무침류,어패류무침,골뱅이무침(초고추장),77.00
D031089,면 및 만두류,면류,골뱅이비빔면,157.50
D053003,국(탕)류,곰국 및 탕류,곰국,64.00
D021002,과자 및 빵류,빵류,곰보빵,80.00
D082001,구이류,육류구이,곱창구이(소고기),93.00
D053004,국(탕)류,곰국 및 탕류,"곱창국(소고기, 고추장)",161.00
D102002,볶음류,육류 및 난류볶음,"곱창볶음(돼지고기, 고추장)",160.00
D064001,찌개류,전골류,곱창전골(소고기),98.00
D212040,과일 및 과일가공품,가공품류,곶감,100.00
D021065,과자 및 빵류,빵류,곶감토르띠야피자,84.00
D021047,과자 및 빵류,빵류,과일 페이스트리,100.00
D122022,튀김류,육류튀김,과일먹은 닭탕수,747.20
D200024,음료류,과채류,과일채소(음료),100.00
D022002,과자 및 빵류,과자류,"과자(스넥, 새우)",110.00
D022003,과자 및 빵류,과자류,과자(초코파이),85.00
D040085,죽류,죽류,관자브로콜리스프,426.00
D053080,국(탕)류,곰국 및 탕류,관자해장국,1028.00
D111006,조림류,어패류조림,광어조림(고추장),155.00
D061005,찌개류,어패류찌개,광어찌개(고추장),196.00
D121005,튀김류,어패류튀김,광어튀김,93.00
D051330,국(탕)류,맑은국류,괴산올갱이국(향토-충청도),66.00
D203021,음료류,차류,구기자차(말린것),100.00
D211003,과일 및 과일가공품,과일류,구아바,100.00
D200010,음료류,과채류,구아바주스,100.00
D015076,밥류,덮밥 및 국밥류,구운달걀 카레덮밥,293.80
D016034,밥류,김(초)밥,구운주먹밥,195.00
D203022,음료류,차류,구절초차(말린것),100.00
D105001,볶음류,기타 볶음류,구절판,145.00
D211060,과일 및 과일가공품,과일류,구즈베리(생것),100.00
D031001,면 및 만두류,면류,국수장국,340.00
D064002,찌개류,전골류,국수전골,104.00
D203023,음료류,차류,국화차(말린것),100.00
D032001,면 및 만두류,만두류,군만두(초간장포함),19.00
D288016,원재료,어패류 및 수산물가공품,굴(생것),100.00
D288014,원재료,어패류 및 수산물가공품,굴(통조림),100.00
D288015,원재료,어패류 및 수산물가공품,굴(훈제통조림),100.00
D051011,국(탕)류,맑은국류,굴국,120.00
D015036,밥류,덮밥 및 국밥류,굴국밥,91.70
D064018,찌개류,전골류,굴림만두 전골,524.10
D052080,국(탕)류,된장국류,굴림만두된장국,839.00
D017003,밥류,기타,굴무밥,225.00
D133003,무침류,어패류무침,굴무침,88.00
D133004,무침류,어패류무침,굴무침(무),134.00
D081006,구이류,어패류구이,굴비구이,85.00
D121006,튀김류,어패류튀김,굴비튀김,100.00
D287035,원재료,소스류,굴소스,100.00
D014112,밥류,비빔밥 및 볶음밥류,굴소스야채볶음밥(소),123.00
D014090,밥류,비빔밥 및 볶음밥류,굴소스해물볶음밥,173.60
D091004,전류,어패류전,굴전,113.00
D151001,회류,어패류회,굴회,80.00
D104013,볶음류,곡류 및 두류볶음,궁중떡볶이,409.00
D012027,밥류,잡곡밥류,귀리누룽지,70.00
D012055,밥류,잡곡밥류,귀리누룽지,61.80
D012051,밥류,잡곡밥류,귀리밥,45.00
D012057,밥류,잡곡밥류,귀리밥,58.00
D012029,밥류,잡곡밥류,귀리밥,190.00
D012076,밥류,잡곡밥류,귀리수수밥,96.00
D012058,밥류,잡곡밥류,귀리영양밥,190.00
D012077,밥류,잡곡밥류,귀리차조밥,96.00
D014038,밥류,비빔밥 및 볶음밥류,귀리토마토리소토,355.90
D012078,밥류,잡곡밥류,귀리현미밥,88.00
D211004,과일 및 과일가공품,과일류,귤,100.00
D211100,과일 및 과일가공품,과일류,귤 프리저브,52.00
D212041,과일 및 과일가공품,가공품류,귤(통조림),100.00
D212042,과일 및 과일가공품,가공품류,귤잼,100.00
D212078,과일 및 과일가공품,가공품류,귤젤리,102.20
D200011,음료류,과채류,귤주스(천연과즙),100.00
D022055,과자 및 빵류,과자류,그래놀라(건조과일),100.00
D022054,과자 및 빵류,과자류,그래놀라(코코넛),100.00
D132004,무침류,숙채,근대나물(고추장),88.00
D052005,국(탕)류,된장국류,근대된장국,95.00
D052006,국(탕)류,된장국류,근대된장국(고추장),124.00
D052151,국(탕)류,된장국류,근대바지락살된장국,103.00
D103015,볶음류,채소 및 해조류볶음,근대볶음,103.00
D051236,국(탕)류,맑은국류,근대콩나물국,43.00
D052094,국(탕)류,된장국류,근대토장국,77.81
D014130,밥류,비빔밥 및 볶음밥류,근채류주먹밥,289.00
D211005,과일 및 과일가공품,과일류,금귤,100.00
D201029,음료류,기타 음료류,기능성음료,100.00
D093042,전류,채소류전,기장 감자채전,176.00
D102045,볶음류,육류 및 난류볶음,기장 난자완스,192.30
D012059,밥류,잡곡밥류,기장 영양밥,210.00
D095036,전류,기타 전류,기장두부패티,212.70
D012002,밥류,잡곡밥류,기장밥,205.00
D230074,떡류,떡류,기장밥 인절미,134.50
D012079,밥류,잡곡밥류,기장보리밥,98.00
D016019,밥류,김(초)밥,기장상추주먹밥,222.60
D012080,밥류,잡곡밥류,기장현미밥,98.00
D016027,밥류,김(초)밥,김가루주먹밥,92.50
D083002,구이류,기타 구이류,김구이,4.00
D051012,국(탕)류,맑은국류,김국,75.00
D083034,구이류,기타 구이류,김말이두부스테이크,442.30
D125001,튀김류,해조류튀김,김말이튀김,77.00
D016001,밥류,김(초)밥,김밥(게맛살),283.00
D016002,밥류,김(초)밥,김밥(비엔나소시지),289.00
D016003,밥류,김(초)밥,김밥(어묵),280.00
D016004,밥류,김(초)밥,김밥(햄),276.00
D014048,밥류,비빔밥 및 볶음밥류,김밥볶음밥,111.80
D125002,튀김류,해조류튀김,김부각,20.00
D022032,과자 및 빵류,과자류,김전병(과자),100.00
D016024,밥류,김(초)밥,김주먹밥,35.80
D063001,찌개류,된장찌개류,김치된장찌개(고추장),126.00
D032002,면 및 만두류,만두류,김치만두,180.00
D013007,밥류,채소밥류,김치밥,205.00
D103016,볶음류,채소 및 해조류볶음,김치볶음,54.00
D103017,볶음류,채소 및 해조류볶음,김치볶음(돼지고기),95.00
D103018,볶음류,채소 및 해조류볶음,김치볶음(참치),89.00
D014115,밥류,비빔밥 및 볶음밥류,김치볶음밥&달걀후라이,255.32
D014001,밥류,비빔밥 및 볶음밥류,김치볶음밥(돼지고기),357.00
D014036,밥류,비빔밥 및 볶음밥류,김치볶음밥(콩나물),160.30
D014002,밥류,비빔밥 및 볶음밥류,김치볶음밥(콩나물),280.50
D180059,장류,양념류,김치양념장,121.00
D105023,볶음류,기타 볶음류,김치양배추볶음,46.90
D093005,전류,채소류전,김치전,258.00
D064003,찌개류,전골류,김치전골(돼지고기),207.00
D064004,찌개류,전골류,"김치전골(돼지고기, 떡)",217.00
D065003,찌개류,기타찌개류,김치찌개(돼지고기),146.00
D065004,찌개류,기타찌개류,"김치찌개(돼지고기, 된장)",171.00
D065005,찌개류,기타찌개류,김치찌개(어묵),188.00
D065006,찌개류,기타찌개류,김치찌개(참치),160.00
D065043,찌개류,기타찌개류,김치콩비지찌개,40.10
D051013,국(탕)류,맑은국류,김칫국(돼지고기),156.00
D051014,국(탕)류,맑은국류,김칫국(두부),102.00
D051125,국(탕)류,맑은국류,김칫국(무),87.00
D051015,국(탕)류,맑은국류,김칫국(무),92.00
D051016,국(탕)류,맑은국류,김칫국(소시지),95.00
D051017,국(탕)류,맑은국류,김칫국(수제비),86.00
D051018,국(탕)류,맑은국류,김칫국(참치),92.00
D051019,국(탕)류,맑은국류,김칫국(콩나물),156.00
D160031,젓갈류,젓갈류,까나리젓,100.00
D031078,면 및 만두류,면류,까르보나라뇨끼,618.00
D031090,면 및 만두류,면류,까르보나라스파게티,198.32
D140003,김치류,김치류,깍두기,40.00
D014091,밥류,비빔밥 및 볶음밥류,깍두기달걀볶음밥,144.71
D103019,볶음류,채소 및 해조류볶음,깍두기볶음,54.00
D014062,밥류,비빔밥 및 볶음밥류,깍두기볶음밥,120.50
D292001,원재료,채소류,깐마늘,12.00
D122001,튀김류,육류튀김,깐풍기,124.00
D015060,밥류,덮밥 및 국밥류,깐풍돼지고기덮밥,111.50
D016035,밥류,김(초)밥,깐풍주먹밥,336.00
D291014,원재료,조미로류,깨소금,100.00
D022012,과자 및 빵류,과자류,깨엿강정,181.00
D040002,죽류,죽류,깨죽,61.00
D292002,원재료,채소류,깻잎,5.00
D123016,튀김류,채소류튀김,깻잎 부각,64.30
D091022,전류,어패류전,깻잎 새우전,102.05
D013023,밥류,채소밥류,깻잎 소고기 쌈밥,296.10
D140004,김치류,김치류,깻잎김치,18.00
D133041,무침류,어패류무침,깻잎꼬막무침,340.70
D132005,무침류,숙채,깻잎나물,50.00
D103020,볶음류,채소 및 해조류볶음,깻잎볶음,103.00
D103021,볶음류,채소 및 해조류볶음,깻잎볶음(멸치),63.00
D082031,구이류,육류구이,깻잎석쇠불고기,101.00
D170003,절임류,장아찌,깻잎장아찌,20.00
D016037,밥류,김(초)밥,깻잎장아찌롤,401.00
D093006,전류,채소류전,깻잎전,57.00
D093007,전류,채소류전,깻잎전(소고기),77.00
D113005,조림류,채소류조림,깻잎조림,39.00
D073002,찜류,채소류찜,깻잎찜,17.00
D123003,튀김류,채소류튀김,깻잎튀김,36.00
D022067,과자 및 빵류,과자류,껌(무설탕),100.00
D285001,원재료,당류,껌(추잉껌),3.00
D114022,조림류,기타 조림류,껍질콩두부조림,100.05
D135036,무침류,생채(샐러드),껍질콩모둠샐러드,143.70
D053005,국(탕)류,곰국 및 탕류,꼬리곰탕,112.00
D053068,국(탕)류,곰국 및 탕류,꼬리곰탕,103.10
D133028,무침류,어패류무침,꼬막무침,483.00
D014049,밥류,비빔밥 및 볶음밥류,꼬막비빔밥,163.90
D014076,밥류,비빔밥 및 볶음밥류,꼬막야채비빔밥,243.90
D071006,찜류,어패류찜,꼬막찜,114.00
D051173,국(탕)류,맑은국류,꼬치어묵국,98.50
D031091,면 및 만두류,면류,꼬치어묵우동,193.50
D133006,무침류,어패류무침,꼴뚜기무침(초고추장),140.00
D160003,젓갈류,젓갈류,꼴뚜기젓,15.00
D111007,조림류,어패류조림,꼴뚜기조림,28.00
D012067,밥류,잡곡밥류,꽁보리밥,80.00
D014122,밥류,비빔밥 및 볶음밥류,꽁보리밥(비빔밥용),54.00
D288028,원재료,어패류 및 수산물가공품,꽁치(통조림),100.00
D081007,구이류,어패류구이,꽁치구이,87.00
D051020,국(탕)류,맑은국류,꽁치국,123.00
D101004,볶음류,어패류볶음,꽁치볶음(고추장),36.00
D111008,조림류,어패류조림,꽁치조림,67.00
D111009,조림류,어패류조림,꽁치조림(물엿),77.00
D111010,조림류,어패류조림,꽁치조림(통조림),117.00
D061006,찌개류,어패류찌개,꽁치찌개(고추장),171.00
D081064,구이류,어패류구이,꽁치채소말이,634.60
D121007,튀김류,어패류튀김,꽁치튀김,103.00
D052007,국(탕)류,된장국류,꽃게된장국,166.00
D063033,찌개류,된장찌개류,꽃게된장찌개,171.60
D101005,볶음류,어패류볶음,꽃게볶음,208.00
D051174,국(탕)류,맑은국류,꽃게어묵국,80.53
D053095,국(탕)류,곰국 및 탕류,꽃게지리탕,150.50
D061007,찌개류,어패류찌개,꽃게찌개(고추장),151.00
D071007,찜류,어패류찜,꽃게찜,171.00
D061081,찌개류,어패류찌개,꽃게청국장찌개,133.10
D053006,국(탕)류,곰국 및 탕류,꽃게탕,147.00
D292024,원재료,채소류,"꽃양배추(콜리플라워,데친것)",100.00
D292023,원재료,채소류,"꽃양배추(콜리플라워,생것)",100.00
D292020,원재료,채소류,꽈리고추,100.00
D082032,구이류,육류구이,꽈리고추 소고기말이,112.55
D021023,과자 및 빵류,빵류,꽈배기빵,100.00
D285010,원재료,당류,꿀,100.00
D230005,떡류,떡류,꿀떡,150.00
D064024,찌개류,전골류,나가사키부대찌개,810.00
D014077,밥류,비빔밥 및 볶음밥류,나물된장비빔밥,147.52
D014050,밥류,비빔밥 및 볶음밥류,나물비빔밥,82.10
D140068,김치류,김치류,나박김치,125.00
D140061,김치류,김치류,나박김치,120.00
D140005,김치류,김치류,나박김치,40.00
D053036,국(탕)류,곰국 및 탕류,나주곰탕,811.00
D014078,밥류,비빔밥 및 볶음밥류,낙지강황비빔밥,247.40
D081008,구이류,어패류구이,낙지구이(고추장),148.00
D133007,무침류,어패류무침,낙지무침(초고추장),140.00
D101006,볶음류,어패류볶음,낙지볶음(고추장),89.00
D014051,밥류,비빔밥 및 볶음밥류,낙지비빔밥,268.40
D053038,국(탕)류,곰국 및 탕류,낙지연포탕,670.00
D064016,찌개류,전골류,낙지전골,100.00
D064005,찌개류,전골류,낙지전골,249.00
D053124,국(탕)류,곰국 및 탕류,낙지전복삼계탕,162.00
D160034,젓갈류,젓갈류,"낙지젓(양념,염절임)",100.00
D061008,찌개류,어패류찌개,낙지찌개(고추장),204.00
D081043,구이류,어패류구이,낙지호롱구이,1122.00
D151002,회류,어패류회,낙지회,70.00
D021050,과자 및 빵류,빵류,난,100.00
D014092,밥류,비빔밥 및 볶음밥류,날치알계란볶음밥,84.50
D015037,밥류,덮밥 및 국밥류,날치알밥,123.00
D014063,밥류,비빔밥 및 볶음밥류,날치알볶음밥,93.40
D051322,국(탕)류,맑은국류,날콩가루배추된장국,63.20
D054016,국(탕)류,냉국류,냉도토리묵국,68.90
D014125,밥류,비빔밥 및 볶음밥류,냉이 강된장비빔밥,238.00
D132109,무침류,숙채,냉이나물,93.00
D132006,무침류,숙채,냉이나물(고추장),93.00
D052008,국(탕)류,된장국류,냉이된장국,137.00
D052073,국(탕)류,된장국류,냉이된장국,279.35
D052009,국(탕)류,된장국류,냉이된장국(고추장),137.00
D052010,국(탕)류,된장국류,"냉이된장국(고추장, 바지락)",152.00
D052011,국(탕)류,된장국류,"냉이된장국(고추장, 콩가루)",147.00
D052095,국(탕)류,된장국류,냉이두부국,85.50
D051308,국(탕)류,맑은국류,냉이순두부맑은국,91.60
D132110,무침류,숙채,냉이파강회,193.40
D081009,구이류,어패류구이,넙치구이,87.00
D061009,찌개류,어패류찌개,넙치찌개(고추장),151.00
D081010,구이류,어패류구이,노가리구이,26.00
D111011,조림류,어패류조림,노가리조림,38.00
D133008,무침류,어패류무침,노가리채무침(고추장),30.00
D135001,무침류,생채(샐러드),노각무침(고추장),88.00
D135031,무침류,생채(샐러드),노각무침(고추장),80.00
D132092,무침류,숙채,노각생채,441.00
D081011,구이류,어패류구이,노래미구이,87.00
D074012,찜류,기타 찜류,녹두 달걀 버섯찜,219.05
D132111,무침류,숙채,녹두 취나물 무침,78.20
D031061,면 및 만두류,면류,녹두 칼국수,432.50
D101034,볶음류,어패류볶음,녹두멸치볶음,49.00
D281033,원재료,감자 및 전분류,녹두묵,100.00
D012003,밥류,잡곡밥류,녹두밥,210.00
D040022,죽류,죽류,녹두죽,772.00
D082033,구이류,육류구이,녹두함박스테이크,126.50
D311013,조리가공식품류,조리가공식품류,녹색완두(통조림),100.00
D203002,음료류,차류,녹차,2.00
D203003,음료류,차류,녹차(현미),15.00
D190062,우유 및 유제품류,우유 및 유제품류,녹차귀리라떼,643.50
D203024,음료류,차류,녹차라떼(가루),100.00
D017004,밥류,기타,녹차밥,92.30
D140098,김치류,김치류,논우렁순무섞박지,505.00
D081012,구이류,어패류구이,농어구이,87.00
D121008,튀김류,어패류튀김,농어튀김,70.00
D011007,밥류,쌀밥,누룽지(멥쌀),100.00
D311054,조리가공식품류,조리가공식품류,누에번데기(통조림),100.00
D011001,밥류,쌀밥,눌은밥,440.00
D053125,국(탕)류,곰국 및 탕류,느타리버섯개장,120.00
D012068,밥류,잡곡밥류,늘보리밥,90.00
D180346,장류,양념류,늙은 호박 강된장 ,246.00
D140080,김치류,김치류,늙은 호박 김치,91.20
D072022,찜류,육류찜,늙은 호박 영양찜닭,224.10
D021066,과자 및 빵류,빵류,늙은 호박 찐빵,113.60
D063027,찌개류,된장찌개류,늙은 호박 해물 된장찌개 ,349.00
D065025,찌개류,기타찌개류,늙은 호박찌개,274.00
D211006,과일 및 과일가공품,과일류,다래,100.00
D203025,음료류,차류,다래나무순차(추출),100.00
D052161,국(탕)류,된장국류,다슬기(올갱이)아욱된장국,74.00
D051021,국(탕)류,맑은국류,다슬기국,44.00
D015021,밥류,덮밥 및 국밥류,다슬기국밥(올갱이국밥),461.10
D293001,원재료,해조류,다시마(생것),70.00
D051175,국(탕)류,맑은국류,다시마무국,56.50
D125003,튀김류,해조류튀김,다시마부각,22.00
D121043,튀김류,어패류튀김,다시마튀각,68.00
D125004,튀김류,해조류튀김,다시마튀김,16.00
D031074,면 및 만두류,면류,다이어트국수,628.00
D171010,절임류,절임류,단감 피클,196.25
D083020,구이류,기타 구이류,단감드레싱 두부구이 ,133.00
D171001,절임류,절임류,단무지,70.00
D021003,과자 및 빵류,빵류,단팥빵,80.00
D135067,무침류,생채(샐러드),단호박 견과류 샐러드,95.00
D093052,전류,채소류전,단호박 마전,103.30
D122023,튀김류,육류튀김,단호박 생선탕수,303.00
D072023,찜류,육류찜,단호박 영양닭찜,179.60
D111054,조림류,어패류조림,단호박갈치조림,162.10
D123017,튀김류,채소류튀김,단호박고기튀김,149.30
D053115,국(탕)류,곰국 및 탕류,단호박꽃게탕,140.50
D073016,찜류,채소류찜,단호박닭찜 ,211.05
D015047,밥류,덮밥 및 국밥류,단호박리조또,146.30
D051237,국(탕)류,맑은국류,단호박맑은국,40.00
D052081,국(탕)류,된장국류,단호박배추된장국,675.00
D015074,밥류,덮밥 및 국밥류,단호박병아리콩카레라이스,228.00
D013044,밥류,채소밥류,단호박약식,439.00
D013024,밥류,채소밥류,단호박약식,99.30
D013036,밥류,채소밥류,단호박은행밥,95.00
D040068,죽류,죽류,단호박타락죽,168.00
D015038,밥류,덮밥 및 국밥류,달걀덮밥,107.00
D014079,밥류,비빔밥 및 볶음밥류,달걀버터비빔밥,147.80
D014052,밥류,비빔밥 및 볶음밥류,달걀볶음밥,46.30
D051176,국(탕)류,맑은국류,달걀부추국,85.25
D021067,과자 및 빵류,빵류,달걀빵,184.40
D031092,면 및 만두류,면류,달걀스파게티피자,289.60
D051177,국(탕)류,맑은국류,달걀실파국,18.01
D051281,국(탕)류,맑은국류,달걀쪽파맑은국,61.50
D051151,국(탕)류,맑은국류,달걀파국,7.51
D083021,구이류,기타 구이류,달걀프리타타,206.55
D052012,국(탕)류,된장국류,달래된장국,131.00
D052013,국(탕)류,된장국류,달래된장국(멸치),134.00
D063002,찌개류,된장찌개류,달래된장찌개,116.00
D063003,찌개류,된장찌개류,"달래된장찌개(고추장, 냉이)",120.00
D052122,국(탕)류,된장국류,달래두부된장국,34.30
D132093,무침류,숙채,달래생채,166.00
D082053,구이류,육류구이,달콤스테이크,642.50
D311055,조리가공식품류,조리가공식품류,달팽이(통조림),100.00
D112030,조림류,육류 및 난류조림,닭 버섯 조림,146.30
D082034,구이류,육류구이,닭가슴살 가리비 구이,114.70
D014039,밥류,비빔밥 및 볶음밥류,닭가슴살 곤드레밥,288.30
D074017,찜류,기타 찜류,닭가슴살 두부선,214.20
D135037,무침류,생채(샐러드),닭가슴살 수삼냉채,277.40
D112031,조림류,육류 및 난류조림,닭가슴살 채소조림,135.75
D014110,밥류,비빔밥 및 볶음밥류,닭가슴살과견과류비빔밥,159.50
D054011,국(탕)류,냉국류,닭가슴살냉국,271.25
D014111,밥류,비빔밥 및 볶음밥류,닭가슴살데리야끼채소비빔밥,334.00
D015086,밥류,덮밥 및 국밥류,닭가슴살리조또,537.00
D051282,국(탕)류,맑은국류,닭가슴살미역국,20.40
D051323,국(탕)류,맑은국류,닭가슴살배추들깨국,164.50
D082063,구이류,육류구이,닭가슴살샌드스테이크,987.00
D040080,죽류,죽류,닭가슴살스튜,670.00
D014100,밥류,비빔밥 및 볶음밥류,닭가슴살우엉볶음밥,126.20
D102003,볶음류,육류 및 난류볶음,닭갈비,116.00
D015040,밥류,덮밥 및 국밥류,닭갈비덮밥,170.30
D031075,면 및 만두류,면류,닭갈비볶음면,338.00
D122002,튀김류,육류튀김,닭강정,111.00
D053007,국(탕)류,곰국 및 탕류,닭개장,181.00
D062014,찌개류,육류찌개,닭고기김치찌개,766.00
D134003,무침류,육류무침,닭고기냉채,533.00
D015002,밥류,덮밥 및 국밥류,닭고기덮밥,346.50
D021068,과자 및 빵류,빵류,닭고기또띠아쌈(치킨타코),202.50
D102004,볶음류,육류 및 난류볶음,닭고기볶음,152.00
D014131,밥류,비빔밥 및 볶음밥류,닭고기볶음밥,268.00
D014093,밥류,비빔밥 및 볶음밥류,닭고기산채비빔밥,127.00
D017007,밥류,기타,닭고기솥밥,92.50
D031093,면 및 만두류,면류,닭고기와사랑에빠진수제비,151.50
D112003,조림류,육류 및 난류조림,닭고기조림,144.00
D112004,조림류,육류 및 난류조림,닭고기조림(고추장),137.00
D062001,찌개류,육류찌개,닭고기찌개(고추장),90.00
D072018,찜류,육류찜,닭고기찜,120.00
D072001,찜류,육류찜,닭고기찜,147.00
D134004,무침류,육류무침,닭고기채소무침,169.40
D053008,국(탕)류,곰국 및 탕류,닭고깃국,134.00
D053009,국(탕)류,곰국 및 탕류,닭곰탕(감자),125.00
D053010,국(탕)류,곰국 및 탕류,닭곰탕(무),132.00
D311020,조리가공식품류,조리가공식품류,닭꼬치,100.00
D082002,구이류,육류구이,닭내장구이,93.00
D053096,국(탕)류,곰국 및 탕류,닭다리백숙,140.50
D112005,조림류,육류 및 난류조림,닭다리조림,92.00
D134001,무침류,육류무침,닭무침,103.00
D053011,국(탕)류,곰국 및 탕류,닭백숙,135.00
D112006,조림류,육류 및 난류조림,닭볶음탕(고추장),149.00
D016036,밥류,김(초)밥,닭봉주먹밥,412.00
D102042,볶음류,육류 및 난류볶음,닭불고기(고추장),78.10
D102043,볶음류,육류 및 난류볶음,닭불고기(고추장),113.20
D180071,장류,양념류,닭살양념(초교탕),30.10
D015041,밥류,덮밥 및 국밥류,닭살짜장밥,133.00
D014080,밥류,비빔밥 및 볶음밥류,닭살채소볶음밥,123.50
D062011,찌개류,육류찌개,닭안심 김치스튜,201.95
D051238,국(탕)류,맑은국류,닭장영양떡국,313.50
D040003,죽류,죽류,닭죽,286.00
D040061,죽류,죽류,닭죽,82.50
D122003,튀김류,육류튀김,닭튀김,93.00
D292025,원재료,채소류,당귀(생것),100.00
D292003,원재료,채소류,당근,70.00
D103022,볶음류,채소 및 해조류볶음,당근볶음,22.00
D055002,국(탕)류,기타,당근스프,81.02
D113006,조림류,채소류조림,당근조림,100.00
D200001,음료류,과채류,당근주스(캔),100.00
D055017,국(탕)류,기타,당근크림스프,52.02
D288024,원재료,어패류 및 수산물가공품,대게(통조림),100.00
D051124,국(탕)류,맑은국류,대구국,57.20
D051022,국(탕)류,맑은국류,대구국,185.00
D061010,찌개류,어패류찌개,"대구매운탕(고추장, 된장)",173.00
D051178,국(탕)류,맑은국류,대구살뭇국,78.20
D091005,전류,어패류전,대구전,96.00
D160023,젓갈류,젓갈류,대구젓,100.00
D051137,국(탕)류,맑은국류,대구지리탕,791.00
D061011,찌개류,어패류찌개,대구찌개(고추장),151.00
D071008,찜류,어패류찜,대구찜,146.00
D053087,국(탕)류,곰국 및 탕류,대구탕,150.50
D121009,튀김류,어패류튀김,대구튀김,103.00
D133009,무침류,어패류무침,대구포무침(고추장),30.00
D111012,조림류,어패류조림,대구포조림(고추장),35.00
D211007,과일 및 과일가공품,과일류,대추(말린것),10.00
D282031,원재료,견과 및 종실류,대추(생것),100.00
D212079,과일 및 과일가공품,가공품류,대추모과잼,32.00
D012081,밥류,잡곡밥류,대추밤찰밥,130.00
D022093,과자 및 빵류,과자류,대추영양바,52.40
D012060,밥류,잡곡밥류,대추영양밥,289.00
D040069,죽류,죽류,대추죽,300.80
D203026,음료류,차류,대추차(추출),100.00
D022086,과자 및 빵류,과자류,대추초,863.00
D053097,국(탕)류,곰국 및 탕류,대파육개장,137.50
D133033,무침류,어패류무침,대하잣즙무침,320.30
D071043,찜류,어패류찜,대하찜,500.00
D051023,국(탕)류,맑은국류,대합국,80.00
D051024,국(탕)류,맑은국류,대합국(근대),90.00
D051128,국(탕)류,맑은국류,대합국(근대),50.40
D051025,국(탕)류,맑은국류,대합국(냉이),95.00
D051026,국(탕)류,맑은국류,대합국(부추),90.00
D051027,국(탕)류,맑은국류,대합국(시금치),90.00
D051028,국(탕)류,맑은국류,대합국(쑥갓),90.00
D051029,국(탕)류,맑은국류,대합국(콩나물),90.00
D061012,찌개류,어패류찌개,대합찌개(고추장),151.00
D071009,찜류,어패류찜,대합찜,115.00
D083003,구이류,기타 구이류,더덕구이(고추장),70.00
D093043,전류,채소류전,더덕들깨전병 ,80.00
D132094,무침류,숙채,더덕무침,208.00
D140096,김치류,김치류,더덕비트물김치,220.00
D093008,전류,채소류전,더덕산적,74.00
D012082,밥류,잡곡밥류,더덕영양밥,124.00
D170012,절임류,장아찌,더덕장아찌,759.00
D133042,무침류,어패류무침,더덕해물냉채,198.60
D072002,찜류,육류찜,도가니수육,72.00
D053012,국(탕)류,곰국 및 탕류,도가니탕,110.00
D083004,구이류,기타 구이류,도라지구이(고추장),112.00
D132112,무침류,숙채,도라지나물,69.00
D133043,무침류,어패류무침,도라지냉채 ,156.20
D135002,무침류,생채(샐러드),도라지무침(고추장),85.00
D103023,볶음류,채소 및 해조류볶음,도라지볶음,39.00
D103024,볶음류,채소 및 해조류볶음,도라지볶음(간장),72.00
D102046,볶음류,육류 및 난류볶음,도라지불고기,150.60
D132095,무침류,숙채,도라지생채,154.00
D132096,무침류,숙채,도라지오이무침,174.00
D170004,절임류,장아찌,도라지장아찌,23.00
D012107,밥류,잡곡밥류,도라지전복영양밥,156.00
D022087,과자 및 빵류,과자류,도라지정과,344.00
D203027,음료류,차류,도라지차(추출),100.00
D123004,튀김류,채소류튀김,도라지튀김,86.00
D061013,찌개류,어패류찌개,도루묵찌개(고추장),151.00
D061014,찌개류,어패류찌개,도미찌개(고추장),165.00
D071010,찜류,어패류찜,도미찜,146.00
D121010,튀김류,어패류튀김,도미튀김,103.00
D021004,과자 및 빵류,빵류,도우넛(링),80.00
D021005,과자 및 빵류,빵류,도우넛(팥),80.00
D031002,면 및 만두류,면류,도토리국수,442.00
D281034,원재료,감자 및 전분류,도토리묵,100.00
D054017,국(탕)류,냉국류,도토리묵냉국,70.50
D132097,무침류,숙채,도토리묵무침,456.00
D014081,밥류,비빔밥 및 볶음밥류,도토리묵비빔밥,217.20
D054018,국(탕)류,냉국류,도토리묵채국,68.90
D031062,면 및 만두류,면류,도토리온국수,497.80
D122004,튀김류,육류튀김,돈가스,109.00
D287001,원재료,소스류,돈가스 소스,20.00
D287036,원재료,소스류,돈까스소스,100.00
D102056,볶음류,육류 및 난류볶음,돈불고기 파인애플볶음,208.00
D072039,찜류,육류찜,돈수육과 해물냉채,265.00
D062012,찌개류,육류찌개,돈육된장찌개,357.60
D062016,찌개류,육류찌개,돈육짜글이찌개,161.30
D082035,구이류,육류구이,돈육찜구이,299.20
D102047,볶음류,육류 및 난류볶음,돈육채볶음,149.60
D122005,튀김류,육류튀김,돈저냐,75.00
D292027,원재료,채소류,돌나물(생것),100.00
D292041,원재료,채소류,돌미나리(데친것),100.00
D292040,원재료,채소류,돌미나리(생것),100.00
D311027,조리가공식품류,조리가공식품류,동그랑땡(냉동),100.00
D135038,무침류,생채(샐러드),동부소스를 곁들인 참다래샐러드,143.10
D012069,밥류,잡곡밥류,동부콩밥,100.00
D051179,국(탕)류,맑은국류,동죽미역국,30.20
D140065,김치류,김치류,동치미,250.00
D140063,김치류,김치류,동치미,100.00
D140006,김치류,김치류,동치미,40.00
D051132,국(탕)류,맑은국류,동치미 들깨 무국,241.00
D135039,무침류,생채(샐러드),동치미 사과 샐러드 ,139.10
D081013,구이류,어패류구이,동태구이,87.00
D051130,국(탕)류,맑은국류,동태국,524.00
D061015,찌개류,어패류찌개,동태매운탕(고추장),173.00
D051239,국(탕)류,맑은국류,동태살맑은국,34.52
D091006,전류,어패류전,동태전,96.00
D111013,조림류,어패류조림,동태조림,162.00
D061016,찌개류,어패류찌개,동태찌개(고추장),182.00
D061017,찌개류,어패류찌개,"동태찌개(고추장, 간장)",173.00
D061018,찌개류,어패류찌개,"동태찌개(고추장, 된장)",186.00
D071011,찜류,어패류찜,동태찜,146.00
D121011,튀김류,어패류튀김,동태튀김(녹말가루),66.00
D121012,튀김류,어패류튀김,동태튀김(튀김옷),97.00
D051030,국(탕)류,맑은국류,동탯국(무),113.00
D051031,국(탕)류,맑은국류,"동탯국(무, 양파)",121.00
D053126,국(탕)류,곰국 및 탕류,돼지갈비감자탕,248.75
D082003,구이류,육류구이,돼지갈비구이(고추장),201.00
D072003,찜류,육류찜,돼지갈비찜(고추장),134.00
D281020,원재료,감자 및 전분류,돼지감자(삶은것),100.00
D281019,원재료,감자 및 전분류,돼지감자(생것),100.00
D015077,밥류,덮밥 및 국밥류,돼지고기 가지덮밥,205.40
D102048,볶음류,육류 및 난류볶음,돼지고기 간장볶음,139.10
D103076,볶음류,채소 및 해조류볶음,돼지고기 죽순채 볶음,176.00
D072024,찜류,육류찜,돼지고기 찜,210.60
D112032,조림류,육류 및 난류조림,돼지고기 채소조림,172.50
D122006,튀김류,육류튀김,돼지고기강정,102.00
D051032,국(탕)류,맑은국류,돼지고기국(고추장),112.00
D031094,면 및 만두류,면류,돼지고기김치크림파스타,157.40
D063004,찌개류,된장찌개류,돼지고기된장찌개(고추장),118.00
D063005,찌개류,된장찌개류,돼지고기된장찌개(양배추),170.00
D063006,찌개류,된장찌개류,돼지고기된장찌개(호박잎),110.00
D062025,찌개류,육류찌개,돼지고기두부김치찌개,91.00
D062021,찌개류,육류찌개,돼지고기두부찌개,118.10
D015072,밥류,덮밥 및 국밥류,돼지고기마파두부덮밥,117.50
D082036,구이류,육류구이,돼지고기모둠채소구이,265.60
D102005,볶음류,육류 및 난류볶음,돼지고기볶음,173.00
D102006,볶음류,육류 및 난류볶음,돼지고기볶음(고추장),126.00
D102007,볶음류,육류 및 난류볶음,"돼지고기볶음(고추장, 야채)",160.00
D102008,볶음류,육류 및 난류볶음,돼지고기볶음(김치),147.00
D102009,볶음류,육류 및 난류볶음,돼지고기볶음(콩나물),193.00
D015061,밥류,덮밥 및 국밥류,돼지고기부추덮밥,213.08
D015069,밥류,덮밥 및 국밥류,돼지고기양송이덮밥,8.54
D092011,전류,육류전,돼지고기완자전,295.00
D112007,조림류,육류 및 난류조림,돼지고기장조림(감자),137.00
D112008,조림류,육류 및 난류조림,돼지고기장조림(메추리알),146.00
D112026,조림류,육류 및 난류조림,돼지고기장조림(메추리알),120.00
D092001,전류,육류전,돼지고기전,92.00
D082004,구이류,육류구이,돼지고기주물럭(고추장),273.00
D015062,밥류,덮밥 및 국밥류,돼지고기짜장덮밥,112.50
D062002,찌개류,육류찌개,돼지고기찌개(고추장),198.00
D072004,찜류,육류찜,돼지고기찜,129.00
D014101,밥류,비빔밥 및 볶음밥류,돼지고기채소볶음밥,112.00
D062022,찌개류,육류찌개,돼지고기청국장찌개,106.40
D062023,찌개류,육류찌개,돼지고기콩비지찌개,70.50
D122007,튀김류,육류튀김,돼지고기튀김,82.00
D064026,찌개류,전골류,돼지머리수육맑은전골,751.00
D064025,찌개류,전골류,돼지수육맑은전골,777.00
D072005,찜류,육류찜,돼지족발찜,239.00
D180004,장류,양념류,된장,80.00
D180343,장류,양념류,된장(재래),100.00
D052077,국(탕)류,된장국류,된장냉국,578.00
D052082,국(탕)류,된장국류,된장시금치옹심이,516.00
D180086,장류,양념류,된장찌개장,200.00
D135057,무침류,생채(샐러드),두가지묵샐러드,211.00
D292029,원재료,채소류,두릅(데친것),100.00
D292028,원재료,채소류,두릅(생것),100.00
D132007,무침류,숙채,두릅나물(고추장),73.00
D013032,밥류,채소밥류,두릅영양밥,134.00
D093009,전류,채소류전,두릅적,102.00
D093044,전류,채소류전,두릅적,144.80
D211066,과일 및 과일가공품,과일류,두리안(생것),100.00
D286001,원재료,두류,두부,80.00
D286002,원재료,두류,두부(연두부),80.00
D083005,구이류,기타 구이류,두부구이(고추장),112.00
D083035,구이류,기타 구이류,두부구이와 버섯소스,131.00
D051033,국(탕)류,맑은국류,두부국(계란),135.00
D051034,국(탕)류,맑은국류,두부국(조갯살),96.00
D065035,찌개류,기타찌개류,두부김치찌개,85.00
D083026,구이류,기타 구이류,두부까나페,343.50
D015083,밥류,덮밥 및 국밥류,두부달걀덮밥,332.10
D015003,밥류,덮밥 및 국밥류,두부덮밥,377.00
D052014,국(탕)류,된장국류,두부된장국,119.00
D052015,국(탕)류,된장국류,두부된장국(고추장),124.00
D052016,국(탕)류,된장국류,"두부된장국(고추장, 근대)",134.00
D052017,국(탕)류,된장국류,"두부된장국(고추장, 무)",144.00
D052018,국(탕)류,된장국류,"두부된장국(고추장, 실파)",129.00
D063007,찌개류,된장찌개류,두부된장찌개(고추장),131.00
D051180,국(탕)류,맑은국류,두부들깨국,26.50
D074014,찜류,기타 찜류,두부말이찜,397.50
D051181,국(탕)류,맑은국류,두부맑은국,53.50
D061082,찌개류,어패류찌개,두부명란젓찌개,93.80
D051182,국(탕)류,맑은국류,두부미역국,27.10
D051240,국(탕)류,맑은국류,두부바지락국,102.90
D104001,볶음류,곡류 및 두류볶음,두부볶음,85.00
D104002,볶음류,곡류 및 두류볶음,두부볶음(김치),95.00
D095006,전류,기타 전류,두부부침,111.00
D051241,국(탕)류,맑은국류,두부새우젓국,33.50
D104027,볶음류,곡류 및 두류볶음,두부소보로청경채볶음,143.00
D052135,국(탕)류,된장국류,두부시금치된장국,101.20
D061093,찌개류,어패류찌개,두부쑥갓오징어찌개,121.30
D052123,국(탕)류,된장국류,두부양파된장국,49.20
D052086,국(탕)류,된장국류,두부장국,71.00
D095007,전류,기타 전류,두부전,96.00
D095008,전류,기타 전류,두부전(돼지고기),116.00
D064017,찌개류,전골류,두부전골,729.00
D051152,국(탕)류,맑은국류,두부젓국,47.50
D114013,조림류,기타 조림류,두부조림,176.00
D114002,조림류,기타 조림류,두부조림(고추장),87.00
D114003,조림류,기타 조림류,"두부조림(고추장, 물엿)",97.00
D114004,조림류,기타 조림류,두부조림(돼지고기),108.00
D065007,찌개류,기타찌개류,두부찌개,123.00
D065008,찌개류,기타찌개류,두부찌개(고추장),134.00
D065009,찌개류,기타찌개류,"두부찌개(고추장, 된장)",111.00
D065010,찌개류,기타찌개류,두부찌개(된장),138.00
D074010,찜류,기타 찜류,두부찜,39.90
D074002,찜류,기타 찜류,두부찜,84.00
D061088,찌개류,어패류찌개,두부참치김치찌개,54.80
D135058,무침류,생채(샐러드),두부채소샐러드,289.00
D040081,죽류,죽류,두부청국장죽,356.00
D062017,찌개류,육류찌개,두부청국장찌개,97.10
D016020,밥류,김(초)밥,두부초밥,271.40
D014082,밥류,비빔밥 및 볶음밥류,두부카레볶음밥,100.00
D124005,튀김류,기타 튀김류,두부튀김(간장포함),108.00
D124006,튀김류,기타 튀김류,두부튀김(소고기),114.00
D121044,튀김류,어패류튀김,두부해물완자,152.00
D201001,음료류,기타 음료류,두유,200.00
D201050,음료류,기타 음료류,두유(검은콩),100.00
D201051,음료류,기타 음료류,"두유(검은콩,검은참깨)",100.00
D201052,음료류,기타 음료류,두유(콩국물),100.00
D053070,국(탕)류,곰국 및 탕류,두유버섯들깨탕,350.30
D203028,음료류,차류,두충차(가루),100.00
D203029,음료류,차류,둥글레차(추출),100.00
D203030,음료류,차류,둥글레차(티백),100.00
D289003,원재료,유지류,들기름,100.00
D051242,국(탕)류,맑은국류,들기름무채국,72.50
D051183,국(탕)류,맑은국류,들깨감자국,51.40
D051283,국(탕)류,맑은국류,들깨감자미역국,41.10
D054012,국(탕)류,냉국류,들깨냉채,97.00
D053098,국(탕)류,곰국 및 탕류,들깨닭곰탕,64.30
D053084,국(탕)류,곰국 및 탕류,들깨된장육개장,517.00
D051243,국(탕)류,맑은국류,들깨머위대국,91.00
D051184,국(탕)류,맑은국류,들깨무채국,29.00
D051185,국(탕)류,맑은국류,들깨미역국,9.40
D031095,면 및 만두류,면류,들깨버섯칼국수,158.50
D053099,국(탕)류,곰국 및 탕류,들깨버섯탕,120.00
D031063,면 및 만두류,면류,들깨수제비 ,527.00
D065027,찌개류,기타찌개류,들깨순두부찌개,250.00
D052136,국(탕)류,된장국류,들깨시래기된장국,98.50
D052064,국(탕)류,된장국류,들깨우거지국,61.30
D052059,국(탕)류,된장국류,들깨우거지국,135.00
D052070,국(탕)류,된장국류,들깨우거지국,68.80
D031096,면 및 만두류,면류,들깨인삼칼국수,166.00
D051186,국(탕)류,맑은국류,들깨채소국,21.30
D031097,면 및 만두류,면류,들깨칼국수,109.00
D311014,조리가공식품류,조리가공식품류,들깻잎장아찌(통조림),100.00
D082005,구이류,육류구이,"등심구이(돼지고기, 고추장)",99.00
D082006,구이류,육류구이,"등심구이(돼지고기, 고추장, 생강)",108.00
D082007,구이류,육류구이,등심구이(소고기),61.00
D211008,과일 및 과일가공품,과일류,딸기,200.00
D135040,무침류,생채(샐러드),딸기 두부카프레제,234.20
D212043,과일 및 과일가공품,가공품류,딸기(말린것),100.00
D135041,무침류,생채(샐러드),딸기샐러드,155.85
D190057,우유 및 유제품류,우유 및 유제품류,딸기요거트아이스크림,176.00
D212044,과일 및 과일가공품,가공품류,딸기잼,100.00
D292031,원재료,채소류,땅두릅(데친것),100.00
D292030,원재료,채소류,땅두릅(생것),100.00
D282001,원재료,견과 및 종실류,땅콩(볶은것),13.00
D282005,원재료,견과 및 종실류,땅콩(조미),100.00
D012004,밥류,잡곡밥류,땅콩밥,200.00
D289004,원재료,유지류,땅콩버터,100.00
D022042,과자 및 빵류,과자류,땅콩버터쿠키(과자),100.00
D022046,과자 및 빵류,과자류,땅콩샌드 크랙커(과자),100.00
D114005,조림류,기타 조림류,땅콩조림,88.00
D051035,국(탕)류,맑은국류,떡국,197.00
D083006,구이류,기타 구이류,떡꼬치(고추장),120.00
D051153,국(탕)류,맑은국류,떡만둣국,62.30
D032003,면 및 만두류,만두류,"떡만둣국(김치만두, 멸치)",229.00
D032004,면 및 만두류,만두류,"떡만둣국(김치만두, 소고기)",280.00
D032005,면 및 만두류,만두류,"떡만둣국(닭고기만두, 멸치)",234.00
D032006,면 및 만두류,만두류,"떡만둣국(돼지고기만두, 멸치)",234.00
D104016,볶음류,곡류 및 두류볶음,떡볶이,250.00
D104003,볶음류,곡류 및 두류볶음,"떡볶이(간장, 돼지고기)",171.00
D104004,볶음류,곡류 및 두류볶음,떡볶이(고추장),188.00
D104005,볶음류,곡류 및 두류볶음,"떡볶이(고추장, 어묵)",167.00
D095009,전류,기타 전류,떡산적,142.00
D114006,조림류,기타 조림류,떡조림(고추장),87.00
D132008,무침류,숙채,뜸부기나물,70.00
D031003,면 및 만두류,면류,라면,169.00
D104006,볶음류,곡류 및 두류볶음,라면볶음(고추장),159.00
D082062,구이류,육류구이,라이스버거떡갈비,523.00
D211009,과일 및 과일가공품,과일류,라임,100.00
D200012,음료류,과채류,라임주스(천연과즙),100.00
D122008,튀김류,육류튀김,라조기,124.00
D211067,과일 및 과일가공품,과일류,라즈베리(냉동),100.00
D211068,과일 및 과일가공품,과일류,라즈베리(생것),100.00
D212045,과일 및 과일가공품,가공품류,람부탄(통조림),100.00
D211061,과일 및 과일가공품,과일류,레드향,100.00
D201030,음료류,기타 음료류,레모네이드,100.00
D211010,과일 및 과일가공품,과일류,레몬,100.00
D200013,음료류,과채류,레몬과즙,100.00
D012108,밥류,잡곡밥류,렌틸콩발아현미밥,110.00
D012070,밥류,잡곡밥류,렌틸콩밥,90.00
D135028,무침류,생채(샐러드),로메인 감자샐러드,62.70
D065036,찌개류,기타찌개류,로제부대찌개,79.10
D031076,면 및 만두류,면류,로제소스라면,546.00
D031098,면 및 만두류,면류,로제크림파스타,142.31
D031099,면 및 만두류,면류,로제파스타,141.30
D281017,원재료,감자 및 전분류,로즈밸리 감자(삶은것),100.00
D281016,원재료,감자 및 전분류,로즈밸리 감자(생것),100.00
D021025,과자 및 빵류,빵류,롤빵(소프트),100.00
D021024,과자 및 빵류,빵류,롤빵(하드),100.00
D021052,과자 및 빵류,빵류,롤케이크,100.00
D292032,원재료,채소류,루꼴라(생것),100.00
D211069,과일 및 과일가공품,과일류,리치,100.00
D190058,우유 및 유제품류,우유 및 유제품류,리코타치즈,50.20
D093045,전류,채소류전,리코타치즈주키니전,101.45
D292034,원재료,채소류,리크(데친것),100.00
D292033,원재료,채소류,리크(생것),100.00
D281023,원재료,감자 및 전분류,"마(삶은것,장마)",100.00
D281021,원재료,감자 및 전분류,"마(생것,단마)",100.00
D281024,원재료,감자 및 전분류,"마(생것,둥근마)",100.00
D281022,원재료,감자 및 전분류,"마(생것,장마)",100.00
D289001,원재료,유지류,마가린,6.00
D022091,과자 및 빵류,과자류,마늘바게트,100.00
D021026,과자 및 빵류,빵류,마늘빵,100.00
D072025,찜류,육류찜,마늘소스수육,210.70
D170005,절임류,장아찌,마늘장아찌,25.00
D170023,절임류,장아찌,마늘종 장아찌,100.00
D292036,원재료,채소류,마늘종(생것),100.00
D132098,무침류,숙채,마늘종무침,196.00
D103025,볶음류,채소 및 해조류볶음,마늘종볶음,87.00
D113007,조림류,채소류조림,마늘종조림,95.00
D113008,조림류,채소류조림,마늘종조림(멸치),105.00
D135066,무침류,생채(샐러드),마늘칩 감자샐러드,79.00
D132099,무침류,숙채,마른김무침,123.00
D052124,국(탕)류,된장국류,마른새우아욱국,77.00
D013010,밥류,채소밥류,마밥,240.00
D287002,원재료,소스류,마요네즈,10.00
D282006,원재료,견과 및 종실류,마카다미아넛(조미),100.00
D022051,과자 및 빵류,과자류,마카로니(과자),100.00
D055008,국(탕)류,기타,마크림스프,181.02
D104007,볶음류,곡류 및 두류볶음,마파두부,140.00
D015048,밥류,덮밥 및 국밥류,마파두부덮밥,147.00
D301005,주류,주류,막걸리,100.00
D032017,면 및 만두류,만두류,만두,709.00
D051147,국(탕)류,맑은국류,만두국,139.70
D051187,국(탕)류,맑은국류,만두달걀국,49.50
D114007,조림류,기타 조림류,만두조림(고추장),87.00
D124007,튀김류,기타 튀김류,만두탕수,187.00
D124008,튀김류,기타 튀김류,만두튀김,252.00
D032007,면 및 만두류,만두류,만둣국,201.00
D022026,과자 및 빵류,과자류,만주(밤),100.00
D051284,국(탕)류,맑은국류,맑은감자양파국,90.11
D064022,찌개류,전골류,맑은부대찌개,375.20
D053116,국(탕)류,곰국 및 탕류,맑은순두부탕,73.00
D053100,국(탕)류,곰국 및 탕류,맑은어묵탕,87.03
D051244,국(탕)류,맑은국류,맑은우동국물,22.00
D053081,국(탕)류,곰국 및 탕류,맑은육개장,542.00
D081068,구이류,어패류구이,맛간장삼치구이,399.00
D291015,원재료,조미로류,맛술,100.00
D073017,찜류,채소류찜,맛양념장을 곁들인 애호박찜,95.20
D211070,과일 및 과일가공품,과일류,망고,100.00
D135052,무침류,생채(샐러드),망고샐러드,633.00
D211073,과일 및 과일가공품,과일류,망고스틴,100.00
D211072,과일 및 과일가공품,과일류,망고음료,100.00
D061019,찌개류,어패류찌개,망둑어찌개(고추장),166.00
D071012,찜류,어패류찜,망둑어찜,146.00
D121013,튀김류,어패류튀김,망둑어튀김,70.00
D051096,국(탕)류,맑은국류,매생이국,145.00
D051188,국(탕)류,맑은국류,매생이굴국,48.70
D051189,국(탕)류,맑은국류,매생이떡국,89.00
D051245,국(탕)류,맑은국류,매생이만두국,65.00
D015084,밥류,덮밥 및 국밥류,매생이찰범벅,366.00
D031100,면 및 만두류,면류,매생이칼국수,103.52
D211011,과일 및 과일가공품,과일류,매실,100.00
D140091,김치류,김치류,매실동치미,188.00
D201023,음료류,기타 음료류,매실음료,100.00
D212047,과일 및 과일가공품,가공품류,매실절임,100.00
D301006,주류,주류,매실주,100.00
D212046,과일 및 과일가공품,가공품류,매실청,100.00
D136001,무침류,기타,매운 락교무침,32.90
D082056,구이류,육류구이,매운닭날개구이,405.00
D022088,과자 및 빵류,과자류,매작과,863.00
D051285,국(탕)류,맑은국류,매콤오징어무국,89.70
D051246,국(탕)류,맑은국류,매콤콩나물국,63.70
D301001,주류,주류,맥주,200.00
D211012,과일 및 과일가공품,과일류,머루,100.00
D200014,음료류,과채류,머루주스,100.00
D292038,원재료,채소류,머위(데친것),100.00
D292037,원재료,채소류,머위(생것),100.00
D132009,무침류,숙채,머위나물(고추장),93.00
D132113,무침류,숙채,머위순나물,82.50
D021027,과자 및 빵류,빵류,머핀(우유),100.00
D160035,젓갈류,젓갈류,"멍게젓(양념,염절임)",100.00
D151003,회류,어패류회,멍게회,80.00
D061020,찌개류,어패류찌개,"메기매운탕(고추장, 된장)",165.00
D105002,볶음류,기타 볶음류,메뚜기볶음(고추장),33.00
D021069,과자 및 빵류,빵류,메밀갈레트,228.85
D031004,면 및 만두류,면류,메밀국수,181.00
D031064,면 및 만두류,면류,메밀국수김말이,165.75
D132010,무침류,숙채,메밀나물,53.00
D132090,무침류,숙채,메밀나물,48.00
D031101,면 및 만두류,면류,메밀막국수,90.50
D281009,원재료,감자 및 전분류,메밀묵,100.00
D132100,무침류,숙채,메밀묵무침,450.00
D093046,전류,채소류전,메밀배추전,182.70
D230075,떡류,떡류,메밀범벅,121.50
D031102,면 및 만두류,면류,메밀비빔국수,84.00
D031065,면 및 만두류,면류,메밀샐러드국수,270.00
D031066,면 및 만두류,면류,메밀수제비,522.90
D031039,면 및 만두류,면류,메밀콧등치기,1124.00
D135033,무침류,생채(샐러드),메쉬드포테이토,120.00
D135003,무침류,생채(샐러드),메쉬드포테이토,148.00
D284003,원재료,난류,메추리알(삶은것),50.00
D112009,조림류,육류 및 난류조림,메추리알장조림,73.00
D112029,조림류,육류 및 난류조림,메추리알장조림,46.00
D124009,튀김류,기타 튀김류,메추리알튀김,83.00
D014113,밥류,비빔밥 및 볶음밥류,멕시칸볶음밥(세계음식-멕시코),165.00
D211013,과일 및 과일가공품,과일류,멜론,100.00
D211049,과일 및 과일가공품,과일류,멜론,160.00
D022024,과자 및 빵류,과자류,멥쌀과자,100.00
D022025,과자 및 빵류,과자류,멥쌀과자(쌀엿강정),100.00
D022004,과자 및 빵류,과자류,"멥쌀과자(튀밥, 팽화)",110.00
D082008,구이류,육류구이,멧돼지고기구이(고추장),115.00
D288003,원재료,어패류 및 수산물가공품,멸치(중멸치),15.00
D133010,무침류,어패류무침,멸치무침(고추장),30.00
D101007,볶음류,어패류볶음,멸치볶음,28.00
D101008,볶음류,어패류볶음,멸치볶음(견과류),54.00
D101009,볶음류,어패류볶음,멸치볶음(고추장),74.00
D101010,볶음류,어패류볶음,멸치볶음(꽈리고추),55.00
D101011,볶음류,어패류볶음,멸치볶음(잔멸치),53.00
D160004,젓갈류,젓갈류,멸치젓,15.00
D111014,조림류,어패류조림,멸치조림(고추장),53.00
D111015,조림류,어패류조림,"멸치조림(고추장, 풋고추)",63.00
D121014,튀김류,어패류튀김,멸치튀김,87.00
D031103,면 및 만두류,면류,멸치튀김잔치국수,146.52
D061083,찌개류,어패류찌개,명란순두부찌개,171.50
D014102,밥류,비빔밥 및 볶음밥류,명란아보카도비빔밥,219.30
D160032,젓갈류,젓갈류,명란젓,100.00
D061076,찌개류,어패류찌개,명란젓찌개,133.40
D083029,구이류,기타 구이류,명란프리타타,476.00
D103026,볶음류,채소 및 해조류볶음,명일엽볶음,103.00
D061021,찌개류,어패류찌개,"명태찌개(고추장, 된장)",232.00
D081014,구이류,어패류구이,명태포구이(고추장),74.00
D051036,국(탕)류,맑은국류,명탯국,123.00
D211014,과일 및 과일가공품,과일류,모과,100.00
D022027,과자 및 빵류,과자류,모나카(과자),100.00
D021028,과자 및 빵류,빵류,모닝빵,100.00
D230069,떡류,떡류,모듬찰떡,100.00
D012071,밥류,잡곡밥류,모듬콩밥,65.00
D071047,찜류,어패류찜,모듬해물찜,680.00
D065044,찌개류,기타찌개류,모듬햄부대찌개,126.22
D051286,국(탕)류,맑은국류,모시조개맑은탕,31.10
D051287,국(탕)류,맑은국류,모시조개미역국,18.50
D052158,국(탕)류,된장국류,모시조개시금치된장국,82.20
D051309,국(탕)류,맑은국류,모시조개콩나물국,92.00
D051190,국(탕)류,맑은국류,모시조개탕,13.10
D230065,떡류,떡류,모싯잎송편(동부),100.00
D022015,과자 및 빵류,과자류,모약과,1875.00
D021029,과자 및 빵류,빵류,모카빵,100.00
D062018,찌개류,육류찌개,목살고추장찌개,156.10
D014053,밥류,비빔밥 및 볶음밥류,목살필라프,83.91
D095037,전류,기타 전류,목이버섯전,128.00
D292004,원재료,채소류,무,70.00
D073018,찜류,채소류찜,무 선,144.20
D132011,무침류,숙채,무나물(들깨),47.00
D132077,무침류,숙채,무나물(들깨),60.30
D132081,무침류,숙채,무나물(들깨),48.00
D132012,무침류,숙채,무나물(소고기),84.00
D052071,국(탕)류,된장국류,무된장국,484.00
D051154,국(탕)류,맑은국류,무들깨국,29.00
D311015,조리가공식품류,조리가공식품류,무말랭이 무침,100.00
D051133,국(탕)류,맑은국류,무맑은탕,316.20
D103077,볶음류,채소 및 해조류볶음,무매운볶음,129.00
D013012,밥류,채소밥류,무밥,287.50
D103027,볶음류,채소 및 해조류볶음,무볶음,61.00
D053071,국(탕)류,곰국 및 탕류,무사골 곰탕,292.10
D140076,김치류,김치류,무생채,261.00
D140081,김치류,김치류,무소박이 ,200.20
D132101,무침류,숙채,무숙채,223.00
D292039,원재료,채소류,무순(생것),100.00
D052096,국(탕)류,된장국류,무순된장국,35.20
D132125,무침류,숙채,무염 겉절이,103.00
D051247,국(탕)류,맑은국류,무우새우젓국,69.00
D170028,절임류,장아찌,무장아찌무침,79.00
D171002,절임류,절임류,무절임,1.00
D113009,조림류,채소류조림,무조림,90.00
D230061,떡류,떡류,무지개떡(멥쌀),100.00
D065011,찌개류,기타찌개류,무찌개(고추장),72.00
D073003,찜류,채소류찜,무찜,90.00
D051191,국(탕)류,맑은국류,무채양팟국,68.90
D051248,국(탕)류,맑은국류,무채콩나물국,72.20
D132013,무침류,숙채,무청무침,70.00
D103070,볶음류,채소 및 해조류볶음,무청볶음(된장),60.40
D103028,볶음류,채소 및 해조류볶음,무청볶음(된장),94.00
D103072,볶음류,채소 및 해조류볶음,무청볶음(된장),39.80
D171003,절임류,절임류,무초절임(쌈무),70.00
D171011,절임류,절임류,무켜피클,97.90
D211015,과일 및 과일가공품,과일류,무화과,100.00
D212048,과일 및 과일가공품,가공품류,무화과(통조림),100.00
D230076,떡류,떡류,무화과소스를 곁들인 찹쌀구이떡,162.40
D015078,밥류,덮밥 및 국밥류,묵계밥,424.00
D083032,구이류,기타 구이류,묵은지가지말이,750.00
D073019,찜류,채소류찜,묵은지들깨찜,155.00
D016028,밥류,김(초)밥,묵은지주먹밥,102.23
D133011,무침류,어패류무침,문어무침(고추장),131.00
D101012,볶음류,어패류볶음,문어볶음,168.00
D151004,회류,어패류회,문어회,70.00
D031005,면 및 만두류,면류,물냉면,326.00
D051155,국(탕)류,맑은국류,물만두국,168.00
D051249,국(탕)류,맑은국류,물만두달걀국,198.00
D061078,찌개류,어패류찌개,물오징어찌개,136.10
D051037,국(탕)류,맑은국류,뭇국,64.00
D051038,국(탕)류,맑은국류,뭇국(김치),97.00
D051039,국(탕)류,맑은국류,뭇국(새우젓),94.00
D051040,국(탕)류,맑은국류,뭇국(소고기),79.00
D051041,국(탕)류,맑은국류,"뭇국(소고기, 김치)",112.00
D051042,국(탕)류,맑은국류,"뭇국(소고기, 유부)",79.00
D061022,찌개류,어패류찌개,미꾸라지매운탕,190.00
D153005,회류,채소류회,미나리강회,136.00
D132014,무침류,숙채,미나리나물(어묵),44.00
D132015,무침류,숙채,미나리나물(초고추장),92.00
D053133,국(탕)류,곰국 및 탕류,미나리낙지연포탕,79.50
D073020,찜류,채소류찜,미나리들깨찜,169.00
D031104,면 및 만두류,면류,미나리봉골레파스타,134.10
D072026,찜류,육류찜,미나리삼겹살찜,118.10
D133044,무침류,어패류무침,미나리오징어젓갈무침과 쌈,156.00
D093025,전류,채소류전,미나리전,553.00
D031105,면 및 만두류,면류,미나리해물파스타,125.00
D133045,무침류,어패류무침,미나리황태무침,81.00
D292044,원재료,채소류,미나파프리카(빨간색),100.00
D031106,면 및 만두류,면류,미니김치말이국수,191.00
D031107,면 및 만두류,면류,미니양지쌀국수,132.50
D031108,면 및 만두류,면류,미니우동,40.10
D031109,면 및 만두류,면류,미니잔치국수,73.00
D292043,원재료,채소류,미니파프리카(노란색),100.00
D292042,원재료,채소류,미니파프리카(주황색),100.00
D031110,면 및 만두류,면류,미니홍합국수,105.00
D071013,찜류,어패류찜,미더덕찜,132.00
D135042,무침류,생채(샐러드),미삼샐러드,111.00
D201009,음료류,기타 음료류,미숫가루,245.00
D092016,전류,육류전,미역 닭가슴살전,311.00
D051043,국(탕)류,맑은국류,미역국(감자),39.00
D051044,국(탕)류,맑은국류,미역국(경단),32.00
D051045,국(탕)류,맑은국류,미역국(닭고기),39.00
D051046,국(탕)류,맑은국류,미역국(대합),22.00
D051047,국(탕)류,맑은국류,미역국(멸치),27.00
D051048,국(탕)류,맑은국류,미역국(소고기),51.00
D051129,국(탕)류,맑은국류,미역국(소고기),24.80
D051127,국(탕)류,맑은국류,미역국(소고기),44.60
D051049,국(탕)류,맑은국류,"미역국(소고기, 바지락)",49.00
D051050,국(탕)류,맑은국류,미역국(홍합),53.00
D132016,무침류,숙채,미역나물(식초),81.00
D054002,국(탕)류,냉국류,미역냉국(고춧가루),65.00
D052019,국(탕)류,된장국류,미역된장국,86.00
D052066,국(탕)류,된장국류,미역들깨된장국,60.00
D103029,볶음류,채소 및 해조류볶음,미역볶음,94.00
D014127,밥류,비빔밥 및 볶음밥류,미역볶음밥,231.30
D125005,튀김류,해조류튀김,미역부각,30.00
D051250,국(탕)류,맑은국류,미역북어채국,19.30
D293003,원재료,해조류,미역쌈,375.00
D051310,국(탕)류,맑은국류,미역오이양파냉국,38.00
D016005,밥류,김(초)밥,미역유부밥(새우젓),298.00
D103073,볶음류,채소 및 해조류볶음,미역자반,52.00
D052087,국(탕)류,된장국류,미역장국,13.50
D040076,죽류,죽류,미역전복죽,221.00
D132121,무침류,숙채,미역줄기두부무침,141.00
D103030,볶음류,채소 및 해조류볶음,미역줄기볶음,104.00
D125006,튀김류,해조류튀김,미역튀김,12.00
D052110,국(탕)류,된장국류,미역팽이장국,14.50
D040063,죽류,죽류,미음(백미),100.00
D040064,죽류,죽류,미음(현미),100.00
D031111,면 및 만두류,면류,미트볼스파게티,103.00
D031112,면 및 만두류,면류,미트스파게티,245.50
D203031,음료류,차류,민들레차,100.00
D081015,구이류,어패류구이,민어구이,87.00
D061023,찌개류,어패류찌개,민어찌개(고추장),151.00
D121015,튀김류,어패류튀김,민어튀김,93.00
D053042,국(탕)류,곰국 및 탕류,밀국낙지탕,2991.00
D022092,과자 및 빵류,과자류,밀쌀스낵,100.00
D190001,우유 및 유제품류,우유 및 유제품류,밀크쉐이크,94.00
D064028,찌개류,전골류,밀푀유나베,216.00
D021006,과자 및 빵류,빵류,바게트빵,80.00
D211051,과일 및 과일가공품,과일류,바나나,120.00
D211016,과일 및 과일가공품,과일류,바나나,100.00
D212049,과일 및 과일가공품,가공품류,바나나(말린것),100.00
D212050,과일 및 과일가공품,가공품류,바나나칩,100.00
D031083,면 및 만두류,면류,바나나크림파스타,819.00
D022039,과자 및 빵류,과자류,바닐라 웨하스(과자),100.00
D040086,죽류,죽류,바다향이 풍부한 전복죽,210.00
D015085,밥류,덮밥 및 국밥류,바비큐리조또,810.00
D287037,원재료,소스류,바비큐소스,100.00
D051143,국(탕)류,맑은국류,바지락 맑은국,365.00
D051144,국(탕)류,맑은국류,바지락 미역국,645.00
D288017,원재료,어패류 및 수산물가공품,바지락(장조림),100.00
D288018,원재료,어패류 및 수산물가공품,바지락(통조림),100.00
D051051,국(탕)류,맑은국류,바지락국,67.00
D052160,국(탕)류,된장국류,바지락냉이된장국(대보름),55.00
D052125,국(탕)류,된장국류,바지락된장찌개,132.20
D053127,국(탕)류,곰국 및 탕류,바지락두부탕국,56.10
D051251,국(탕)류,맑은국류,바지락맑은국,30.90
D051192,국(탕)류,맑은국류,바지락무국,112.90
D051252,국(탕)류,맑은국류,바지락미역국,27.00
D014064,밥류,비빔밥 및 볶음밥류,바지락비빔밥,163.80
D014040,밥류,비빔밥 및 볶음밥류,바지락비빔밥,338.00
D052126,국(탕)류,된장국류,바지락살냉이국,54.00
D052152,국(탕)류,된장국류,바지락살달래된장국,47.30
D051288,국(탕)류,맑은국류,바지락살미역국,7.10
D051311,국(탕)류,맑은국류,바지락살콩나물국,67.90
D051289,국(탕)류,맑은국류,바지락순두부국,80.50
D051324,국(탕)류,맑은국류,바지락순두부김치국,53.50
D053134,국(탕)류,곰국 및 탕류,바지락순두부백탕,176.00
D061089,찌개류,어패류찌개,바지락순두부찌개,185.00
D052153,국(탕)류,된장국류,바지락시금치된장국,79.20
D052097,국(탕)류,된장국류,바지락쑥국,104.50
D160026,젓갈류,젓갈류,바지락젓,100.00
D053117,국(탕)류,곰국 및 탕류,바지락조개탕,112.90
D111016,조림류,어패류조림,바지락조림,141.00
D061024,찌개류,어패류찌개,바지락찌개(고추장),151.00
D031113,면 및 만두류,면류,바지락칼국수,86.50
D051290,국(탕)류,맑은국류,바지락콩나물국,30.90
D292046,원재료,채소류,바질(데친것),100.00
D292045,원재료,채소류,바질(생것),100.00
D015053,밥류,덮밥 및 국밥류,바질새우리조또,134.30
D292047,원재료,채소류,박고지(말린것),100.00
D053045,국(탕)류,곰국 및 탕류,박속낙지탕,2074.00
D291016,원재료,조미로류,발사믹식초,100.00
D011009,밥류,쌀밥,발아현미밥,100.00
D021070,과자 및 빵류,빵류,발효생햄줄줄이토스트,125.10
D230077,떡류,떡류,밤 설기 ,97.30
D282007,원재료,견과 및 종실류,밤(삶은것),100.00
D282002,원재료,견과 및 종실류,밤(생것),60.00
D311012,조리가공식품류,조리가공식품류,밤(통조림),100.00
D017001,밥류,기타,밤밥,100.00
D012005,밥류,잡곡밥류,밤밥,210.00
D114008,조림류,기타 조림류,밤초,69.00
D124010,튀김류,기타 튀김류,밤튀김,63.00
D121016,튀김류,어패류튀김,방게튀김,70.00
D288007,원재료,어패류 및 수산물가공품,방어(훈제통조림),100.00
D081016,구이류,어패류구이,방어구이,87.00
D111017,조림류,어패류조림,방어조림,67.00
D061025,찌개류,어패류찌개,방어찌개(고추장),151.00
D121017,튀김류,어패류튀김,방어튀김,70.00
D292049,원재료,채소류,방울다다기양배추(데친것),100.00
D292048,원재료,채소류,방울다다기양배추(생것),100.00
D292005,원재료,채소류,방울토마토,140.00
D171012,절임류,절임류,방울토마토 즉석피클,100.00
D211047,과일 및 과일가공품,과일류,배,100.00
D140102,김치류,김치류,배 깍두기,431.00
D102049,볶음류,육류 및 난류볶음,배 윙볶음,131.10
D200016,음료류,과채류,배 음료(캔),100.00
D134005,무침류,육류무침,배냉채,126.00
D200025,음료류,과채류,배숙,385.00
D083025,구이류,기타 구이류,배숙구이,1210.00
D292050,원재료,채소류,배암차즈기(생것),100.00
D200015,음료류,과채류,배즙,100.00
D292006,원재료,채소류,배추,70.00
D140044,김치류,김치류,배추김치,35.00
D140007,김치류,김치류,배추김치,40.00
D132017,무침류,숙채,배추나물(고추장),93.00
D014114,밥류,비빔밥 및 볶음밥류,배추나물밥&양념장,107.00
D103031,볶음류,채소 및 해조류볶음,배추나물볶음,58.00
D051193,국(탕)류,맑은국류,배추당면국,28.52
D052020,국(탕)류,된장국류,배추된장국(고추장),81.00
D052021,국(탕)류,된장국류,"배추된장국(고추장, 시금치)",96.00
D052022,국(탕)류,된장국류,"배추된장국(고추장, 콩가루)",101.00
D052023,국(탕)류,된장국류,"배추된장국(고추장, 호박)",101.00
D052024,국(탕)류,된장국류,배추된장국(들깨),119.00
D052025,국(탕)류,된장국류,배추된장국(무),117.00
D052026,국(탕)류,된장국류,배추된장국(소고기),109.00
D052027,국(탕)류,된장국류,배추된장국(양배추),127.00
D052028,국(탕)류,된장국류,배추된장국(조개살),125.00
D051194,국(탕)류,맑은국류,배추들깨국,33.50
D083022,구이류,기타 구이류,배추롤오븐구이,130.60
D051195,국(탕)류,맑은국류,배추맑은국,37.40
D053072,국(탕)류,곰국 및 탕류,배추백짬뽕탕,383.70
D093028,전류,채소류전,배추전,169.30
D093040,전류,채소류전,배추전,71.40
D052137,국(탕)류,된장국류,배추콩나물된장국,60.00
D062019,찌개류,육류찌개,배추콩비지찌개,99.70
D171013,절임류,절임류,배피클,112.10
D140031,김치류,김치류,백김치,235.00
D140060,김치류,김치류,백김치,71.30
D140062,김치류,김치류,백김치,53.60
D140059,김치류,김치류,백김치,53.50
D051253,국(탕)류,맑은국류,백김치맑은국,25.50
D065031,찌개류,기타찌개류,백김치콩비지찌개,230.20
D230006,떡류,떡류,백설기,130.00
D230062,떡류,떡류,백설기(검정콩),100.00
D055003,국(탕)류,기타,백짬뽕국,127.60
D065028,찌개류,기타찌개류,백태순두부찌개,526.00
D230073,떡류,떡류,백편,1292.00
D301016,주류,주류,백포도주,100.00
D288019,원재료,어패류 및 수산물가공품,백합(통조림),100.00
D211096,과일 및 과일가공품,과일류,백향과,100.00
D200023,음료류,과채류,백향과주스(천연과즙),100.00
D081017,구이류,어패류구이,밴댕이구이,87.00
D160006,젓갈류,젓갈류,밴댕이젓,15.00
D061026,찌개류,어패류찌개,뱅어찌개(고추장),151.00
D081018,구이류,어패류구이,뱅어포구이(고추장),37.00
D101013,볶음류,어패류볶음,뱅어포볶음(고추장),33.00
D111018,조림류,어패류조림,뱅어포조림,62.00
D121018,튀김류,어패류튀김,뱅어포튀김,21.00
D171014,절임류,절임류,버섯고추기름절임,109.00
D065045,찌개류,기타찌개류,버섯고추장찌개,93.00
D013047,밥류,채소밥류,버섯곤드레밥,241.00
D053013,국(탕)류,곰국 및 탕류,버섯국(느타리버섯),68.00
D053014,국(탕)류,곰국 및 탕류,버섯국(모듬),88.00
D053015,국(탕)류,곰국 및 탕류,버섯국(팽이버섯),67.00
D051196,국(탕)류,맑은국류,버섯달걀국,37.00
D052029,국(탕)류,된장국류,버섯된장국(양송이버섯),137.00
D052030,국(탕)류,된장국류,버섯된장국(팽이버섯),131.00
D053128,국(탕)류,곰국 및 탕류,버섯들깨매운탕,111.10
D053101,국(탕)류,곰국 및 탕류,버섯들깨탕,107.10
D082037,구이류,육류구이,버섯떡갈비,67.50
D032018,면 및 만두류,만두류,버섯만두,82.45
D065037,찌개류,기타찌개류,버섯맑은찌개,135.30
D055009,국(탕)류,기타,버섯매운국,120.50
D053102,국(탕)류,곰국 및 탕류,버섯매운탕,160.00
D132087,무침류,숙채,버섯무침(팽이버섯),67.00
D132018,무침류,숙채,버섯무침(팽이버섯),58.00
D132080,무침류,숙채,버섯무침(팽이버섯),40.10
D013014,밥류,채소밥류,버섯밥,250.50
D103032,볶음류,채소 및 해조류볶음,버섯볶음(느타리버섯),98.00
D103033,볶음류,채소 및 해조류볶음,"버섯볶음(느타리버섯, 부추)",119.00
D103034,볶음류,채소 및 해조류볶음,"버섯볶음(느타리버섯, 피망)",108.00
D103035,볶음류,채소 및 해조류볶음,"버섯볶음(양송이버섯, 소고기)",129.00
D103036,볶음류,채소 및 해조류볶음,"버섯볶음(표고버섯, 소고기)",129.00
D074013,찜류,기타 찜류,버섯새우찜,111.20
D065029,찌개류,기타찌개류,버섯순두부찌개,304.50
D014118,밥류,비빔밥 및 볶음밥류,버섯영양밥/양념장,81.90
D031114,면 및 만두류,면류,버섯우동면굴소스볶음,156.50
D053103,국(탕)류,곰국 및 탕류,버섯육개장,220.50
D052088,국(탕)류,된장국류,버섯장국,40.50
D095025,전류,기타 전류,버섯전,29.00
D093012,전류,채소류전,버섯전(모둠),87.00
D064006,찌개류,전골류,버섯전골,164.00
D113010,조림류,채소류조림,버섯조림(양송이버섯),90.00
D040059,죽류,죽류,버섯죽,156.20
D040004,죽류,죽류,버섯죽,104.00
D065012,찌개류,기타찌개류,버섯찌개(소고기),186.00
D015054,밥류,덮밥 및 국밥류,버섯카레라이스,225.50
D031115,면 및 만두류,면류,버섯칼국수,165.30
D211017,과일 및 과일가공품,과일류,버찌,100.00
D212051,과일 및 과일가공품,가공품류,버찌(통조림),100.00
D289002,원재료,유지류,버터,6.00
D022044,과자 및 빵류,과자류,버터쿠키(과자),100.00
D160018,젓갈류,젓갈류,벌떡게장,1520.00
D021030,과자 및 빵류,빵류,베이글,100.00
D015063,밥류,덮밥 및 국밥류,베이컨로제리조또,140.90
D031116,면 및 만두류,면류,베이컨로제파스타,125.90
D072037,찜류,육류찜,베이컨밀푀유,1202.00
D102010,볶음류,육류 및 난류볶음,베이컨볶음,108.00
D031117,면 및 만두류,면류,베이컨크림스파게티,172.32
D031118,면 및 만두류,면류,베이컨크림파스타,198.02
D122009,튀김류,육류튀김,베이컨튀김,82.00
D012083,밥류,잡곡밥류,병아리콩밥,90.00
D081019,구이류,어패류구이,병어구이,87.00
D091007,전류,어패류전,병어전,109.00
D111019,조림류,어패류조림,병어조림,141.00
D061027,찌개류,어패류찌개,병어찌개(고추장),166.00
D121019,튀김류,어패류튀김,병어튀김,88.00
D301008,주류,주류,보드카,100.00
D281015,원재료,감자 및 전분류,보라밸리 감자(삶은것),100.00
D281014,원재료,감자 및 전분류,보라밸리 감자(생것),100.00
D012034,밥류,잡곡밥류,보리고구마밥,158.00
D012056,밥류,잡곡밥류,보리고구마밥,109.80
D012052,밥류,잡곡밥류,보리고구마밥,182.00
D012006,밥류,잡곡밥류,보리밥,200.00
D012007,밥류,잡곡밥류,보리밥(강낭콩),210.00
D012008,밥류,잡곡밥류,보리밥(조),200.00
D012009,밥류,잡곡밥류,보리밥(팥),200.00
D230078,떡류,떡류,보리밥장떡 ,174.00
D021071,과자 및 빵류,빵류,보리브리또,226.50
D230079,떡류,떡류,보리빈대떡,219.00
D051254,국(탕)류,맑은국류,보리새우무국,71.10
D052111,국(탕)류,된장국류,보리순된장국,60.20
D021072,과자 및 빵류,빵류,보리술빵,107.00
D014083,밥류,비빔밥 및 볶음밥류,보리열무비빔밥,175.00
D113023,조림류,채소류조림,보리열무지짐,185.00
D012047,밥류,잡곡밥류,보리옥수수밥,100.00
D012048,밥류,잡곡밥류,보리옥수수밥,146.50
D203004,음료류,차류,보리차,100.00
D021073,과자 및 빵류,빵류,보리카스텔라,85.10
D022094,과자 및 빵류,과자류,보리하트쿠키,33.10
D012084,밥류,잡곡밥류,보리현미밥,110.00
D053016,국(탕)류,곰국 및 탕류,보신탕(소고기),137.00
D140009,김치류,김치류,보쌈김치,74.00
D203032,음료류,차류,보이차,100.00
D051052,국(탕)류,맑은국류,복맑은탕(미나리),122.00
D051053,국(탕)류,맑은국류,복맑은탕(쑥갓),122.00
D061028,찌개류,어패류찌개,복매운탕(고추장),185.00
D211074,과일 및 과일가공품,과일류,복분자,100.00
D301009,주류,주류,복분자주,100.00
D211048,과일 및 과일가공품,과일류,복숭아(백도),80.00
D211018,과일 및 과일가공품,과일류,복숭아(백도),100.00
D211075,과일 및 과일가공품,과일류,복숭아(천도),100.00
D212052,과일 및 과일가공품,가공품류,복숭아(통조림),100.00
D211050,과일 및 과일가공품,과일류,복숭아(황도),150.00
D211076,과일 및 과일가공품,과일류,복숭아(황도),100.00
D190059,우유 및 유제품류,우유 및 유제품류,복숭아라씨,215.10
D212054,과일 및 과일가공품,가공품류,복숭아잼,100.00
D081020,구이류,어패류구이,복어구이,87.00
D071014,찜류,어패류찜,복찜,146.00
D031119,면 및 만두류,면류,볶음우동,155.61
D081021,구이류,어패류구이,볼락구이,87.00
D081022,구이류,어패류구이,볼락구이(불볼락),87.00
D061029,찌개류,어패류찌개,볼락찌개(고추장),151.00
D121020,튀김류,어패류튀김,볼락튀김,70.00
D121021,튀김류,어패류튀김,볼락튀김(불볼락),70.00
D121022,튀김류,어패류튀김,볼락튀김(장문볼락),70.00
D015079,밥류,덮밥 및 국밥류,봄나물밥,200.00
D014065,밥류,비빔밥 및 볶음밥류,봄나물비빔밥,169.00
D292052,원재료,채소류,봄동(데친것),100.00
D292051,원재료,채소류,봄동(생것),100.00
D052098,국(탕)류,된장국류,봄동된장국,76.50
D135043,무침류,생채(샐러드),봄동두부무침,150.50
D072027,찜류,육류찜,봄동오리쌈,240.20
D016032,밥류,김(초)밥,봄주먹밥,319.00
D062015,찌개류,육류찌개,부대찌개,48.20
D062003,찌개류,육류찌개,부대찌개(고추장),198.00
D292056,원재료,채소류,부추(데친것),100.00
D292055,원재료,채소류,부추(생것),100.00
D153002,회류,채소류회,부추강회,114.00
D140069,김치류,김치류,부추김치,50.00
D140010,김치류,김치류,부추김치,61.00
D051197,국(탕)류,맑은국류,부추달걀국,120.25
D052099,국(탕)류,된장국류,부추된장국,35.50
D063034,찌개류,된장찌개류,부추된장찌개,42.00
D051198,국(탕)류,맑은국류,부추맑은국,19.70
D132102,무침류,숙채,부추무침,200.00
D103037,볶음류,채소 및 해조류볶음,부추볶음,70.00
D103038,볶음류,채소 및 해조류볶음,부추볶음(계란),90.00
D103039,볶음류,채소 및 해조류볶음,부추볶음(돼지고기),80.00
D051291,국(탕)류,맑은국류,부추새우맑은국,58.10
D132114,무침류,숙채,부추수수가루무침,100.00
D105003,볶음류,기타 볶음류,부추잡채,101.00
D093013,전류,채소류전,부추전,132.00
D051199,국(탕)류,맑은국류,부추제첩국,102.00
D051145,국(탕)류,맑은국류,북어 무국,362.10
D121023,튀김류,어패류튀김,북어강정,53.00
D081048,구이류,어패류구이,북어구이,75.00
D081023,구이류,어패류구이,북어구이(고추장),44.00
D288004,원재료,어패류 및 수산물가공품,오징어(마른것),18.00
D081062,구이류,어패류구이,오징어구이,576.00
D081059,구이류,어패류구이,오징어구이,298.00
D081029,구이류,어패류구이,오징어구이(버터),30.00
D051131,국(탕)류,맑은국류,오징어국,395.00
D061073,찌개류,어패류찌개,오징어김치찌개,784.00
D015008,밥류,덮밥 및 국밥류,오징어덮밥(고추장),380.00
D051302,국(탕)류,맑은국류,오징어두부무국,104.00
D133015,무침류,어패류무침,오징어무침(초고추장),129.00
D133016,무침류,어패류무침,"오징어무침(초고추장, 어묵)",139.00
D103048,볶음류,채소 및 해조류볶음,우거지볶음,112.00
D052148,국(탕)류,된장국류,우거지숙주토장국,60.00
D053025,국(탕)류,곰국 및 탕류,우거지해장국(소고기),133.00
D031012,면 및 만두류,면류,우동,171.00
D061044,찌개류,어패류찌개,"우럭매운탕(고추장, 된장)",198.00
D071023,찜류,어패류찜,우럭찜,146.00
D121034,튀김류,어패류튀김,우럭튀김,103.00
D063009,찌개류,된장찌개류,우렁된장찌개,131.00
D203038,음료류,차류,우롱차(추출),100.00
D203039,음료류,차류,우롱차(캔),100.00
